id,affected_count,ai_assisted,check_type,created_at,details,status,summary,total_checked
700000,0,1,APPLICATION,2022-05-18 00:08:09,"{""synthetic"": true, ""batch"": 0}",PARTIAL,Synthetic automated check,25
700001,1,0,CLAIM,2023-02-07 20:16:38,"{""synthetic"": true, ""batch"": 0}",SUCCESS,Synthetic automated check,26
700002,2,0,PAYMENT,2021-10-02 12:45:03,"{""synthetic"": true, ""batch"": 0}",SUCCESS,Synthetic automated check,27
700003,3,0,REVISION_CLEANUP,2022-12-06 07:38:13,"{""synthetic"": true, ""batch"": 0}",SUCCESS,Synthetic automated check,28
700004,4,0,APPLICATION,2025-10-19 08:50:24,"{""synthetic"": true, ""batch"": 0}",SUCCESS,Synthetic automated check,29
700005,5,1,CLAIM,2025-07-11 13:16:46,"{""synthetic"": true, ""batch"": 0}",SUCCESS,Synthetic automated check,30
700006,6,0,PAYMENT,2021-09-29 01:30:09,"{""synthetic"": true, ""batch"": 0}",SUCCESS,Synthetic automated check,31
700007,7,0,REVISION_CLEANUP,2023-10-04 07:50:04,"{""synthetic"": true, ""batch"": 0}",SUCCESS,Synthetic automated check,32
700008,8,0,APPLICATION,2024-07-18 05:56:28,"{""synthetic"": true, ""batch"": 0}",SUCCESS,Synthetic automated check,33
700009,9,0,CLAIM,2025-04-20 16:53:20,"{""synthetic"": true, ""batch"": 0}",SUCCESS,Synthetic automated check,34
700010,10,1,PAYMENT,2024-07-13 09:45:08,"{""synthetic"": true, ""batch"": 0}",SUCCESS,Synthetic automated check,35
700011,11,0,REVISION_CLEANUP,2023-09-18 15:31:20,"{""synthetic"": true, ""batch"": 0}",SUCCESS,Synthetic automated check,36
700012,12,0,APPLICATION,2023-07-08 04:07:28,"{""synthetic"": true, ""batch"": 0}",SUCCESS,Synthetic automated check,37
700013,13,0,CLAIM,2026-07-23 19:20:58,"{""synthetic"": true, ""batch"": 0}",SUCCESS,Synthetic automated check,38
700014,14,0,PAYMENT,2022-04-12 20:56:26,"{""synthetic"": true, ""batch"": 0}",SUCCESS,Synthetic automated check,39
700015,15,1,REVISION_CLEANUP,2021-12-12 10:15:12,"{""synthetic"": true, ""batch"": 0}",SUCCESS,Synthetic automated check,40
700016,16,0,APPLICATION,2026-07-14 22:33:32,"{""synthetic"": true, ""batch"": 0}",SUCCESS,Synthetic automated check,41
700017,0,0,CLAIM,2021-09-10 02:59:57,"{""synthetic"": true, ""batch"": 0}",SUCCESS,Synthetic automated check,42
700018,1,0,PAYMENT,2023-06-16 19:46:55,"{""synthetic"": true, ""batch"": 0}",SUCCESS,Synthetic automated check,43
700019,2,0,REVISION_CLEANUP,2025-12-05 22:31:40,"{""synthetic"": true, ""batch"": 0}",SUCCESS,Synthetic automated check,44
700020,3,1,APPLICATION,2024-01-18 09:47:35,"{""synthetic"": true, ""batch"": 0}",SUCCESS,Synthetic automated check,45
700021,4,0,CLAIM,2023-10-23 14:32:12,"{""synthetic"": true, ""batch"": 0}",SUCCESS,Synthetic automated check,46
700022,5,0,PAYMENT,2025-10-08 08:13:06,"{""synthetic"": true, ""batch"": 0}",SUCCESS,Synthetic automated check,47
700023,6,0,REVISION_CLEANUP,2023-01-26 08:07:28,"{""synthetic"": true, ""batch"": 0}",SUCCESS,Synthetic automated check,48
700024,7,0,APPLICATION,2023-07-08 22:44:56,"{""synthetic"": true, ""batch"": 0}",SUCCESS,Synthetic automated check,49
700025,8,1,CLAIM,2023-12-21 18:32:54,"{""synthetic"": true, ""batch"": 0}",SUCCESS,Synthetic automated check,50
700026,9,0,PAYMENT,2024-03-27 03:23:47,"{""synthetic"": true, ""batch"": 0}",SUCCESS,Synthetic automated check,51
700027,10,0,REVISION_CLEANUP,2022-06-03 10:19:33,"{""synthetic"": true, ""batch"": 0}",SUCCESS,Synthetic automated check,52
700028,11,0,APPLICATION,2023-08-09 11:57:55,"{""synthetic"": true, ""batch"": 0}",SUCCESS,Synthetic automated check,53
700029,12,0,CLAIM,2022-02-08 09:59:32,"{""synthetic"": true, ""batch"": 0}",PARTIAL,Synthetic automated check,54
700030,13,1,PAYMENT,2021-10-20 07:25:45,"{""synthetic"": true, ""batch"": 0}",SUCCESS,Synthetic automated check,55
700031,14,0,REVISION_CLEANUP,2023-09-25 04:07:18,"{""synthetic"": true, ""batch"": 0}",SUCCESS,Synthetic automated check,56
700032,15,0,APPLICATION,2022-06-02 21:14:25,"{""synthetic"": true, ""batch"": 0}",SUCCESS,Synthetic automated check,57
700033,16,0,CLAIM,2023-07-31 19:21:53,"{""synthetic"": true, ""batch"": 0}",SUCCESS,Synthetic automated check,58
700034,0,0,PAYMENT,2026-07-26 13:29:27,"{""synthetic"": true, ""batch"": 0}",SUCCESS,Synthetic automated check,59
700035,1,1,REVISION_CLEANUP,2024-01-01 05:29:38,"{""synthetic"": true, ""batch"": 0}",SUCCESS,Synthetic automated check,60
700036,2,0,APPLICATION,2022-04-10 21:39:26,"{""synthetic"": true, ""batch"": 0}",SUCCESS,Synthetic automated check,61
700037,3,0,CLAIM,2022-11-25 20:52:39,"{""synthetic"": true, ""batch"": 0}",SUCCESS,Synthetic automated check,62
700038,4,0,PAYMENT,2022-07-11 08:04:11,"{""synthetic"": true, ""batch"": 0}",SUCCESS,Synthetic automated check,63
700039,5,0,REVISION_CLEANUP,2025-10-19 16:26:41,"{""synthetic"": true, ""batch"": 0}",SUCCESS,Synthetic automated check,64
700040,6,1,APPLICATION,2022-06-16 02:15:18,"{""synthetic"": true, ""batch"": 0}",SUCCESS,Synthetic automated check,65
700041,7,0,CLAIM,2023-09-20 03:01:10,"{""synthetic"": true, ""batch"": 0}",SUCCESS,Synthetic automated check,66
700042,8,0,PAYMENT,2023-12-12 13:45:49,"{""synthetic"": true, ""batch"": 0}",SUCCESS,Synthetic automated check,67
700043,9,0,REVISION_CLEANUP,2024-12-01 16:40:46,"{""synthetic"": true, ""batch"": 0}",SUCCESS,Synthetic automated check,68
700044,10,0,APPLICATION,2023-08-23 08:40:49,"{""synthetic"": true, ""batch"": 0}",SUCCESS,Synthetic automated check,69
700045,11,1,CLAIM,2023-03-16 21:29:02,"{""synthetic"": true, ""batch"": 0}",SUCCESS,Synthetic automated check,70
700046,12,0,PAYMENT,2021-12-09 06:24:45,"{""synthetic"": true, ""batch"": 0}",SUCCESS,Synthetic automated check,71
700047,13,0,REVISION_CLEANUP,2022-06-04 05:17:04,"{""synthetic"": true, ""batch"": 0}",SUCCESS,Synthetic automated check,72
700048,14,0,APPLICATION,2022-05-21 00:55:36,"{""synthetic"": true, ""batch"": 0}",SUCCESS,Synthetic automated check,73
700049,15,0,CLAIM,2024-01-27 09:36:07,"{""synthetic"": true, ""batch"": 0}",SUCCESS,Synthetic automated check,74
700050,16,1,PAYMENT,2026-07-14 12:36:51,"{""synthetic"": true, ""batch"": 0}",SUCCESS,Synthetic automated check,75
700051,0,0,REVISION_CLEANUP,2022-01-10 15:26:55,"{""synthetic"": true, ""batch"": 0}",SUCCESS,Synthetic automated check,76
700052,1,0,APPLICATION,2024-08-31 11:39:25,"{""synthetic"": true, ""batch"": 0}",SUCCESS,Synthetic automated check,77
700053,2,0,CLAIM,2023-12-30 23:15:49,"{""synthetic"": true, ""batch"": 0}",SUCCESS,Synthetic automated check,78
700054,3,0,PAYMENT,2023-04-26 16:44:51,"{""synthetic"": true, ""batch"": 0}",SUCCESS,Synthetic automated check,79
700055,4,1,REVISION_CLEANUP,2023-05-19 20:10:16,"{""synthetic"": true, ""batch"": 0}",SUCCESS,Synthetic automated check,80
700056,5,0,APPLICATION,2023-02-23 21:32:16,"{""synthetic"": true, ""batch"": 0}",SUCCESS,Synthetic automated check,81
700057,6,0,CLAIM,2025-08-03 21:04:37,"{""synthetic"": true, ""batch"": 0}",SUCCESS,Synthetic automated check,82
700058,7,0,PAYMENT,2026-02-15 18:22:07,"{""synthetic"": true, ""batch"": 0}",PARTIAL,Synthetic automated check,83
700059,8,0,REVISION_CLEANUP,2025-12-29 14:57:31,"{""synthetic"": true, ""batch"": 0}",SUCCESS,Synthetic automated check,84
700060,9,1,APPLICATION,2023-07-11 18:11:00,"{""synthetic"": true, ""batch"": 0}",SUCCESS,Synthetic automated check,85
700061,10,0,CLAIM,2024-07-01 09:07:43,"{""synthetic"": true, ""batch"": 0}",SUCCESS,Synthetic automated check,86
700062,11,0,PAYMENT,2022-03-03 03:51:11,"{""synthetic"": true, ""batch"": 0}",SUCCESS,Synthetic automated check,87
700063,12,0,REVISION_CLEANUP,2024-05-19 17:49:17,"{""synthetic"": true, ""batch"": 0}",SUCCESS,Synthetic automated check,88
700064,13,0,APPLICATION,2022-02-20 22:08:54,"{""synthetic"": true, ""batch"": 0}",SUCCESS,Synthetic automated check,89
700065,14,1,CLAIM,2024-10-07 19:35:56,"{""synthetic"": true, ""batch"": 0}",SUCCESS,Synthetic automated check,90
700066,15,0,PAYMENT,2024-11-01 17:28:03,"{""synthetic"": true, ""batch"": 0}",SUCCESS,Synthetic automated check,91
700067,16,0,REVISION_CLEANUP,2023-03-23 03:32:23,"{""synthetic"": true, ""batch"": 0}",SUCCESS,Synthetic automated check,92
700068,0,0,APPLICATION,2025-06-14 11:05:15,"{""synthetic"": true, ""batch"": 0}",SUCCESS,Synthetic automated check,93
700069,1,0,CLAIM,2023-01-05 01:48:38,"{""synthetic"": true, ""batch"": 0}",SUCCESS,Synthetic automated check,94
700070,2,1,PAYMENT,2024-04-14 01:36:43,"{""synthetic"": true, ""batch"": 0}",SUCCESS,Synthetic automated check,95
700071,3,0,REVISION_CLEANUP,2025-10-27 04:37:56,"{""synthetic"": true, ""batch"": 0}",SUCCESS,Synthetic automated check,96
700072,4,0,APPLICATION,2025-09-03 12:36:18,"{""synthetic"": true, ""batch"": 0}",SUCCESS,Synthetic automated check,97
700073,5,0,CLAIM,2023-07-28 21:07:16,"{""synthetic"": true, ""batch"": 0}",SUCCESS,Synthetic automated check,98
700074,6,0,PAYMENT,2025-02-21 12:48:16,"{""synthetic"": true, ""batch"": 0}",SUCCESS,Synthetic automated check,99
700075,7,1,REVISION_CLEANUP,2024-02-05 17:14:02,"{""synthetic"": true, ""batch"": 0}",SUCCESS,Synthetic automated check,100
700076,8,0,APPLICATION,2023-08-01 14:50:22,"{""synthetic"": true, ""batch"": 0}",SUCCESS,Synthetic automated check,101
700077,9,0,CLAIM,2022-06-18 00:55:57,"{""synthetic"": true, ""batch"": 0}",SUCCESS,Synthetic automated check,102
700078,10,0,PAYMENT,2024-12-24 19:32:52,"{""synthetic"": true, ""batch"": 0}",SUCCESS,Synthetic automated check,103
700079,11,0,REVISION_CLEANUP,2023-03-13 01:46:48,"{""synthetic"": true, ""batch"": 0}",SUCCESS,Synthetic automated check,104
700080,12,1,APPLICATION,2025-04-07 14:34:42,"{""synthetic"": true, ""batch"": 0}",SUCCESS,Synthetic automated check,105
700081,13,0,CLAIM,2021-10-25 06:27:07,"{""synthetic"": true, ""batch"": 0}",SUCCESS,Synthetic automated check,106
700082,14,0,PAYMENT,2021-10-23 18:40:55,"{""synthetic"": true, ""batch"": 0}",SUCCESS,Synthetic automated check,107
700083,15,0,REVISION_CLEANUP,2024-07-11 18:13:54,"{""synthetic"": true, ""batch"": 0}",SUCCESS,Synthetic automated check,108
700084,16,0,APPLICATION,2024-02-01 06:30:48,"{""synthetic"": true, ""batch"": 0}",SUCCESS,Synthetic automated check,109
700085,0,1,CLAIM,2026-02-26 08:15:26,"{""synthetic"": true, ""batch"": 0}",SUCCESS,Synthetic automated check,110
700086,1,0,PAYMENT,2022-09-26 23:03:05,"{""synthetic"": true, ""batch"": 0}",SUCCESS,Synthetic automated check,111
700087,2,0,REVISION_CLEANUP,2023-09-02 16:42:42,"{""synthetic"": true, ""batch"": 0}",PARTIAL,Synthetic automated check,112
700088,3,0,APPLICATION,2021-11-27 04:42:51,"{""synthetic"": true, ""batch"": 0}",SUCCESS,Synthetic automated check,113
700089,4,0,CLAIM,2021-12-18 14:37:50,"{""synthetic"": true, ""batch"": 0}",SUCCESS,Synthetic automated check,114
700090,5,1,PAYMENT,2022-10-07 04:39:43,"{""synthetic"": true, ""batch"": 0}",SUCCESS,Synthetic automated check,115
700091,6,0,REVISION_CLEANUP,2023-02-20 08:18:17,"{""synthetic"": true, ""batch"": 0}",SUCCESS,Synthetic automated check,116
700092,7,0,APPLICATION,2022-12-01 02:36:57,"{""synthetic"": true, ""batch"": 0}",SUCCESS,Synthetic automated check,117
700093,8,0,CLAIM,2025-07-14 00:28:39,"{""synthetic"": true, ""batch"": 0}",SUCCESS,Synthetic automated check,118
700094,9,0,PAYMENT,2025-10-29 01:14:59,"{""synthetic"": true, ""batch"": 0}",SUCCESS,Synthetic automated check,119
700095,10,1,REVISION_CLEANUP,2025-03-24 19:30:40,"{""synthetic"": true, ""batch"": 0}",SUCCESS,Synthetic automated check,120
700096,11,0,APPLICATION,2025-07-18 08:02:22,"{""synthetic"": true, ""batch"": 0}",SUCCESS,Synthetic automated check,121
700097,12,0,CLAIM,2023-01-05 15:05:17,"{""synthetic"": true, ""batch"": 0}",SUCCESS,Synthetic automated check,122
700098,13,0,PAYMENT,2024-12-15 19:39:18,"{""synthetic"": true, ""batch"": 0}",SUCCESS,Synthetic automated check,123
700099,14,0,REVISION_CLEANUP,2023-05-03 06:06:41,"{""synthetic"": true, ""batch"": 0}",SUCCESS,Synthetic automated check,124
700100,15,1,APPLICATION,2023-03-27 16:05:54,"{""synthetic"": true, ""batch"": 1}",SUCCESS,Synthetic automated check,125
700101,16,0,CLAIM,2022-01-06 00:00:36,"{""synthetic"": true, ""batch"": 1}",SUCCESS,Synthetic automated check,126
700102,0,0,PAYMENT,2026-02-04 12:34:19,"{""synthetic"": true, ""batch"": 1}",SUCCESS,Synthetic automated check,127
700103,1,0,REVISION_CLEANUP,2026-05-17 15:39:41,"{""synthetic"": true, ""batch"": 1}",SUCCESS,Synthetic automated check,128
700104,2,0,APPLICATION,2022-03-07 00:45:22,"{""synthetic"": true, ""batch"": 1}",SUCCESS,Synthetic automated check,129
700105,3,1,CLAIM,2022-02-17 03:40:17,"{""synthetic"": true, ""batch"": 1}",SUCCESS,Synthetic automated check,130
700106,4,0,PAYMENT,2025-01-25 01:31:36,"{""synthetic"": true, ""batch"": 1}",SUCCESS,Synthetic automated check,131
700107,5,0,REVISION_CLEANUP,2024-01-14 06:32:09,"{""synthetic"": true, ""batch"": 1}",SUCCESS,Synthetic automated check,132
700108,6,0,APPLICATION,2022-12-14 02:10:19,"{""synthetic"": true, ""batch"": 1}",SUCCESS,Synthetic automated check,133
700109,7,0,CLAIM,2021-10-07 20:33:03,"{""synthetic"": true, ""batch"": 1}",SUCCESS,Synthetic automated check,134
700110,8,1,PAYMENT,2025-06-12 03:56:25,"{""synthetic"": true, ""batch"": 1}",SUCCESS,Synthetic automated check,135
700111,9,0,REVISION_CLEANUP,2026-08-07 17:12:07,"{""synthetic"": true, ""batch"": 1}",SUCCESS,Synthetic automated check,136
700112,10,0,APPLICATION,2025-10-19 05:23:48,"{""synthetic"": true, ""batch"": 1}",SUCCESS,Synthetic automated check,137
700113,11,0,CLAIM,2025-04-03 18:32:20,"{""synthetic"": true, ""batch"": 1}",SUCCESS,Synthetic automated check,138
700114,12,0,PAYMENT,2021-12-10 10:53:33,"{""synthetic"": true, ""batch"": 1}",SUCCESS,Synthetic automated check,139
700115,13,1,REVISION_CLEANUP,2024-04-06 16:36:39,"{""synthetic"": true, ""batch"": 1}",SUCCESS,Synthetic automated check,140
700116,14,0,APPLICATION,2025-02-17 09:54:56,"{""synthetic"": true, ""batch"": 1}",PARTIAL,Synthetic automated check,141
700117,15,0,CLAIM,2022-01-16 03:26:16,"{""synthetic"": true, ""batch"": 1}",SUCCESS,Synthetic automated check,142
700118,16,0,PAYMENT,2025-01-14 19:13:57,"{""synthetic"": true, ""batch"": 1}",SUCCESS,Synthetic automated check,143
700119,0,0,REVISION_CLEANUP,2026-06-11 01:49:21,"{""synthetic"": true, ""batch"": 1}",SUCCESS,Synthetic automated check,144
700120,1,1,APPLICATION,2025-05-18 17:04:11,"{""synthetic"": true, ""batch"": 1}",SUCCESS,Synthetic automated check,145
700121,2,0,CLAIM,2021-10-20 15:02:37,"{""synthetic"": true, ""batch"": 1}",SUCCESS,Synthetic automated check,146
700122,3,0,PAYMENT,2022-07-07 17:06:49,"{""synthetic"": true, ""batch"": 1}",SUCCESS,Synthetic automated check,147
700123,4,0,REVISION_CLEANUP,2023-11-09 04:19:53,"{""synthetic"": true, ""batch"": 1}",SUCCESS,Synthetic automated check,148
700124,5,0,APPLICATION,2021-09-01 17:40:50,"{""synthetic"": true, ""batch"": 1}",SUCCESS,Synthetic automated check,149
700125,6,1,CLAIM,2023-09-01 05:26:23,"{""synthetic"": true, ""batch"": 1}",SUCCESS,Synthetic automated check,150
700126,7,0,PAYMENT,2022-02-13 09:47:33,"{""synthetic"": true, ""batch"": 1}",SUCCESS,Synthetic automated check,151
700127,8,0,REVISION_CLEANUP,2023-08-05 12:39:01,"{""synthetic"": true, ""batch"": 1}",SUCCESS,Synthetic automated check,152
700128,9,0,APPLICATION,2025-06-08 10:29:02,"{""synthetic"": true, ""batch"": 1}",SUCCESS,Synthetic automated check,153
700129,10,0,CLAIM,2026-04-14 10:24:08,"{""synthetic"": true, ""batch"": 1}",SUCCESS,Synthetic automated check,154
700130,11,1,PAYMENT,2022-10-24 21:43:11,"{""synthetic"": true, ""batch"": 1}",SUCCESS,Synthetic automated check,155
700131,12,0,REVISION_CLEANUP,2022-04-15 16:13:09,"{""synthetic"": true, ""batch"": 1}",SUCCESS,Synthetic automated check,156
700132,13,0,APPLICATION,2025-08-19 00:07:02,"{""synthetic"": true, ""batch"": 1}",SUCCESS,Synthetic automated check,157
700133,14,0,CLAIM,2024-08-20 08:34:57,"{""synthetic"": true, ""batch"": 1}",SUCCESS,Synthetic automated check,158
700134,15,0,PAYMENT,2025-06-11 00:45:22,"{""synthetic"": true, ""batch"": 1}",SUCCESS,Synthetic automated check,159
700135,16,1,REVISION_CLEANUP,2024-08-30 06:56:38,"{""synthetic"": true, ""batch"": 1}",SUCCESS,Synthetic automated check,160
700136,0,0,APPLICATION,2026-07-27 02:20:54,"{""synthetic"": true, ""batch"": 1}",SUCCESS,Synthetic automated check,161
700137,1,0,CLAIM,2025-09-23 15:52:41,"{""synthetic"": true, ""batch"": 1}",SUCCESS,Synthetic automated check,162
700138,2,0,PAYMENT,2026-02-19 21:42:32,"{""synthetic"": true, ""batch"": 1}",SUCCESS,Synthetic automated check,163
700139,3,0,REVISION_CLEANUP,2026-05-31 19:06:07,"{""synthetic"": true, ""batch"": 1}",SUCCESS,Synthetic automated check,164
700140,4,1,APPLICATION,2024-12-15 23:59:44,"{""synthetic"": true, ""batch"": 1}",SUCCESS,Synthetic automated check,165
700141,5,0,CLAIM,2022-04-11 03:55:09,"{""synthetic"": true, ""batch"": 1}",SUCCESS,Synthetic automated check,166
700142,6,0,PAYMENT,2022-06-06 07:12:07,"{""synthetic"": true, ""batch"": 1}",SUCCESS,Synthetic automated check,167
700143,7,0,REVISION_CLEANUP,2023-12-10 08:33:29,"{""synthetic"": true, ""batch"": 1}",SUCCESS,Synthetic automated check,168
700144,8,0,APPLICATION,2023-06-10 21:55:19,"{""synthetic"": true, ""batch"": 1}",SUCCESS,Synthetic automated check,169
700145,9,1,CLAIM,2023-01-30 05:31:10,"{""synthetic"": true, ""batch"": 1}",PARTIAL,Synthetic automated check,170
700146,10,0,PAYMENT,2025-05-02 13:08:41,"{""synthetic"": true, ""batch"": 1}",SUCCESS,Synthetic automated check,171
700147,11,0,REVISION_CLEANUP,2024-01-28 18:05:26,"{""synthetic"": true, ""batch"": 1}",SUCCESS,Synthetic automated check,172
700148,12,0,APPLICATION,2022-08-28 17:45:07,"{""synthetic"": true, ""batch"": 1}",SUCCESS,Synthetic automated check,173
700149,13,0,CLAIM,2023-06-27 13:06:43,"{""synthetic"": true, ""batch"": 1}",SUCCESS,Synthetic automated check,174
700150,14,1,PAYMENT,2022-04-19 17:19:43,"{""synthetic"": true, ""batch"": 1}",SUCCESS,Synthetic automated check,175
700151,15,0,REVISION_CLEANUP,2024-09-07 04:37:24,"{""synthetic"": true, ""batch"": 1}",SUCCESS,Synthetic automated check,176
700152,16,0,APPLICATION,2025-12-29 17:48:49,"{""synthetic"": true, ""batch"": 1}",SUCCESS,Synthetic automated check,177
700153,0,0,CLAIM,2026-04-11 10:49:07,"{""synthetic"": true, ""batch"": 1}",SUCCESS,Synthetic automated check,178
700154,1,0,PAYMENT,2024-01-07 21:26:16,"{""synthetic"": true, ""batch"": 1}",SUCCESS,Synthetic automated check,179
700155,2,1,REVISION_CLEANUP,2021-12-29 05:16:36,"{""synthetic"": true, ""batch"": 1}",SUCCESS,Synthetic automated check,180
700156,3,0,APPLICATION,2026-04-30 16:19:25,"{""synthetic"": true, ""batch"": 1}",SUCCESS,Synthetic automated check,181
700157,4,0,CLAIM,2023-11-06 21:23:40,"{""synthetic"": true, ""batch"": 1}",SUCCESS,Synthetic automated check,182
700158,5,0,PAYMENT,2022-11-06 13:13:19,"{""synthetic"": true, ""batch"": 1}",SUCCESS,Synthetic automated check,183
700159,6,0,REVISION_CLEANUP,2024-02-03 08:38:19,"{""synthetic"": true, ""batch"": 1}",SUCCESS,Synthetic automated check,184
700160,7,1,APPLICATION,2022-11-24 19:58:11,"{""synthetic"": true, ""batch"": 1}",SUCCESS,Synthetic automated check,185
700161,8,0,CLAIM,2023-12-04 14:42:12,"{""synthetic"": true, ""batch"": 1}",SUCCESS,Synthetic automated check,186
700162,9,0,PAYMENT,2024-10-02 18:46:58,"{""synthetic"": true, ""batch"": 1}",SUCCESS,Synthetic automated check,187
700163,10,0,REVISION_CLEANUP,2024-10-30 10:06:59,"{""synthetic"": true, ""batch"": 1}",SUCCESS,Synthetic automated check,188
700164,11,0,APPLICATION,2023-10-07 20:48:07,"{""synthetic"": true, ""batch"": 1}",SUCCESS,Synthetic automated check,189
700165,12,1,CLAIM,2026-08-11 22:53:23,"{""synthetic"": true, ""batch"": 1}",SUCCESS,Synthetic automated check,190
700166,13,0,PAYMENT,2021-10-30 03:51:17,"{""synthetic"": true, ""batch"": 1}",SUCCESS,Synthetic automated check,191
700167,14,0,REVISION_CLEANUP,2026-04-12 22:35:16,"{""synthetic"": true, ""batch"": 1}",SUCCESS,Synthetic automated check,192
700168,15,0,APPLICATION,2022-10-19 08:21:42,"{""synthetic"": true, ""batch"": 1}",SUCCESS,Synthetic automated check,193
700169,16,0,CLAIM,2022-06-11 23:10:40,"{""synthetic"": true, ""batch"": 1}",SUCCESS,Synthetic automated check,194
700170,0,1,PAYMENT,2023-11-15 20:26:19,"{""synthetic"": true, ""batch"": 1}",SUCCESS,Synthetic automated check,195
700171,1,0,REVISION_CLEANUP,2026-07-10 14:37:53,"{""synthetic"": true, ""batch"": 1}",SUCCESS,Synthetic automated check,196
700172,2,0,APPLICATION,2025-07-01 04:53:06,"{""synthetic"": true, ""batch"": 1}",SUCCESS,Synthetic automated check,197
700173,3,0,CLAIM,2024-01-11 10:00:06,"{""synthetic"": true, ""batch"": 1}",SUCCESS,Synthetic automated check,198
700174,4,0,PAYMENT,2024-09-17 10:59:35,"{""synthetic"": true, ""batch"": 1}",PARTIAL,Synthetic automated check,199
700175,5,1,REVISION_CLEANUP,2025-03-08 20:19:06,"{""synthetic"": true, ""batch"": 1}",SUCCESS,Synthetic automated check,200
700176,6,0,APPLICATION,2021-11-23 22:25:16,"{""synthetic"": true, ""batch"": 1}",SUCCESS,Synthetic automated check,201
700177,7,0,CLAIM,2024-07-25 09:20:54,"{""synthetic"": true, ""batch"": 1}",SUCCESS,Synthetic automated check,202
700178,8,0,PAYMENT,2024-12-09 10:35:32,"{""synthetic"": true, ""batch"": 1}",SUCCESS,Synthetic automated check,203
700179,9,0,REVISION_CLEANUP,2022-02-08 06:16:14,"{""synthetic"": true, ""batch"": 1}",SUCCESS,Synthetic automated check,204
700180,10,1,APPLICATION,2026-04-20 13:48:16,"{""synthetic"": true, ""batch"": 1}",SUCCESS,Synthetic automated check,205
700181,11,0,CLAIM,2025-07-23 00:30:06,"{""synthetic"": true, ""batch"": 1}",SUCCESS,Synthetic automated check,206
700182,12,0,PAYMENT,2024-09-16 07:11:08,"{""synthetic"": true, ""batch"": 1}",SUCCESS,Synthetic automated check,207
700183,13,0,REVISION_CLEANUP,2023-04-15 21:37:38,"{""synthetic"": true, ""batch"": 1}",SUCCESS,Synthetic automated check,208
700184,14,0,APPLICATION,2023-08-29 17:06:05,"{""synthetic"": true, ""batch"": 1}",SUCCESS,Synthetic automated check,209
700185,15,1,CLAIM,2025-12-23 17:21:41,"{""synthetic"": true, ""batch"": 1}",SUCCESS,Synthetic automated check,210
700186,16,0,PAYMENT,2022-10-17 04:44:38,"{""synthetic"": true, ""batch"": 1}",SUCCESS,Synthetic automated check,211
700187,0,0,REVISION_CLEANUP,2026-04-28 20:30:58,"{""synthetic"": true, ""batch"": 1}",SUCCESS,Synthetic automated check,212
700188,1,0,APPLICATION,2025-08-22 07:52:28,"{""synthetic"": true, ""batch"": 1}",SUCCESS,Synthetic automated check,213
700189,2,0,CLAIM,2024-09-21 08:04:11,"{""synthetic"": true, ""batch"": 1}",SUCCESS,Synthetic automated check,214
700190,3,1,PAYMENT,2025-11-27 04:21:09,"{""synthetic"": true, ""batch"": 1}",SUCCESS,Synthetic automated check,215
700191,4,0,REVISION_CLEANUP,2024-01-11 17:24:39,"{""synthetic"": true, ""batch"": 1}",SUCCESS,Synthetic automated check,216
700192,5,0,APPLICATION,2023-10-16 23:37:18,"{""synthetic"": true, ""batch"": 1}",SUCCESS,Synthetic automated check,217
700193,6,0,CLAIM,2026-02-04 20:48:35,"{""synthetic"": true, ""batch"": 1}",SUCCESS,Synthetic automated check,218
700194,7,0,PAYMENT,2023-12-06 01:44:16,"{""synthetic"": true, ""batch"": 1}",SUCCESS,Synthetic automated check,219
700195,8,1,REVISION_CLEANUP,2023-06-02 00:17:21,"{""synthetic"": true, ""batch"": 1}",SUCCESS,Synthetic automated check,220
700196,9,0,APPLICATION,2022-09-17 22:01:10,"{""synthetic"": true, ""batch"": 1}",SUCCESS,Synthetic automated check,221
700197,10,0,CLAIM,2023-11-01 11:31:27,"{""synthetic"": true, ""batch"": 1}",SUCCESS,Synthetic automated check,222
700198,11,0,PAYMENT,2024-10-29 14:18:47,"{""synthetic"": true, ""batch"": 1}",SUCCESS,Synthetic automated check,223
700199,12,0,REVISION_CLEANUP,2022-05-21 05:07:05,"{""synthetic"": true, ""batch"": 1}",SUCCESS,Synthetic automated check,224
700200,13,1,APPLICATION,2025-10-05 11:29:49,"{""synthetic"": true, ""batch"": 2}",SUCCESS,Synthetic automated check,225
700201,14,0,CLAIM,2022-03-29 22:02:20,"{""synthetic"": true, ""batch"": 2}",SUCCESS,Synthetic automated check,226
700202,15,0,PAYMENT,2024-10-22 01:19:36,"{""synthetic"": true, ""batch"": 2}",SUCCESS,Synthetic automated check,227
700203,16,0,REVISION_CLEANUP,2024-02-03 12:23:25,"{""synthetic"": true, ""batch"": 2}",PARTIAL,Synthetic automated check,228
700204,0,0,APPLICATION,2023-12-15 09:05:10,"{""synthetic"": true, ""batch"": 2}",SUCCESS,Synthetic automated check,229
700205,1,1,CLAIM,2024-10-06 23:43:24,"{""synthetic"": true, ""batch"": 2}",SUCCESS,Synthetic automated check,230
700206,2,0,PAYMENT,2024-07-31 16:23:49,"{""synthetic"": true, ""batch"": 2}",SUCCESS,Synthetic automated check,231
700207,3,0,REVISION_CLEANUP,2022-06-07 05:46:45,"{""synthetic"": true, ""batch"": 2}",SUCCESS,Synthetic automated check,232
700208,4,0,APPLICATION,2026-06-19 05:25:29,"{""synthetic"": true, ""batch"": 2}",SUCCESS,Synthetic automated check,233
700209,5,0,CLAIM,2024-04-28 10:34:08,"{""synthetic"": true, ""batch"": 2}",SUCCESS,Synthetic automated check,234
700210,6,1,PAYMENT,2021-12-23 16:07:31,"{""synthetic"": true, ""batch"": 2}",SUCCESS,Synthetic automated check,235
700211,7,0,REVISION_CLEANUP,2024-08-30 02:26:16,"{""synthetic"": true, ""batch"": 2}",SUCCESS,Synthetic automated check,236
700212,8,0,APPLICATION,2024-08-07 18:44:26,"{""synthetic"": true, ""batch"": 2}",SUCCESS,Synthetic automated check,237
700213,9,0,CLAIM,2022-09-12 23:28:27,"{""synthetic"": true, ""batch"": 2}",SUCCESS,Synthetic automated check,238
700214,10,0,PAYMENT,2026-03-04 23:11:48,"{""synthetic"": true, ""batch"": 2}",SUCCESS,Synthetic automated check,239
700215,11,1,REVISION_CLEANUP,2023-02-27 14:42:10,"{""synthetic"": true, ""batch"": 2}",SUCCESS,Synthetic automated check,240
700216,12,0,APPLICATION,2023-05-10 17:20:45,"{""synthetic"": true, ""batch"": 2}",SUCCESS,Synthetic automated check,241
700217,13,0,CLAIM,2022-08-22 22:26:56,"{""synthetic"": true, ""batch"": 2}",SUCCESS,Synthetic automated check,242
700218,14,0,PAYMENT,2023-05-21 15:53:41,"{""synthetic"": true, ""batch"": 2}",SUCCESS,Synthetic automated check,243
700219,15,0,REVISION_CLEANUP,2024-10-25 03:17:45,"{""synthetic"": true, ""batch"": 2}",SUCCESS,Synthetic automated check,244
700220,16,1,APPLICATION,2023-05-26 01:14:22,"{""synthetic"": true, ""batch"": 2}",SUCCESS,Synthetic automated check,245
700221,0,0,CLAIM,2023-02-11 21:12:43,"{""synthetic"": true, ""batch"": 2}",SUCCESS,Synthetic automated check,246
700222,1,0,PAYMENT,2024-06-27 18:02:40,"{""synthetic"": true, ""batch"": 2}",SUCCESS,Synthetic automated check,247
700223,2,0,REVISION_CLEANUP,2026-07-05 02:11:57,"{""synthetic"": true, ""batch"": 2}",SUCCESS,Synthetic automated check,248
700224,3,0,APPLICATION,2023-12-13 08:29:49,"{""synthetic"": true, ""batch"": 2}",SUCCESS,Synthetic automated check,249
700225,4,1,CLAIM,2023-11-08 18:34:47,"{""synthetic"": true, ""batch"": 2}",SUCCESS,Synthetic automated check,250
700226,5,0,PAYMENT,2022-08-05 18:06:07,"{""synthetic"": true, ""batch"": 2}",SUCCESS,Synthetic automated check,251
700227,6,0,REVISION_CLEANUP,2024-08-08 00:11:19,"{""synthetic"": true, ""batch"": 2}",SUCCESS,Synthetic automated check,252
700228,7,0,APPLICATION,2022-01-15 23:45:35,"{""synthetic"": true, ""batch"": 2}",SUCCESS,Synthetic automated check,253
700229,8,0,CLAIM,2023-07-03 16:55:01,"{""synthetic"": true, ""batch"": 2}",SUCCESS,Synthetic automated check,254
700230,9,1,PAYMENT,2025-09-30 10:53:23,"{""synthetic"": true, ""batch"": 2}",SUCCESS,Synthetic automated check,255
700231,10,0,REVISION_CLEANUP,2022-09-21 15:51:30,"{""synthetic"": true, ""batch"": 2}",SUCCESS,Synthetic automated check,256
700232,11,0,APPLICATION,2021-11-13 19:21:48,"{""synthetic"": true, ""batch"": 2}",PARTIAL,Synthetic automated check,257
700233,12,0,CLAIM,2023-08-05 14:34:00,"{""synthetic"": true, ""batch"": 2}",SUCCESS,Synthetic automated check,258
700234,13,0,PAYMENT,2025-12-04 18:35:12,"{""synthetic"": true, ""batch"": 2}",SUCCESS,Synthetic automated check,259
700235,14,1,REVISION_CLEANUP,2026-05-07 13:59:54,"{""synthetic"": true, ""batch"": 2}",SUCCESS,Synthetic automated check,260
700236,15,0,APPLICATION,2026-06-27 00:26:07,"{""synthetic"": true, ""batch"": 2}",SUCCESS,Synthetic automated check,261
700237,16,0,CLAIM,2026-06-24 19:53:12,"{""synthetic"": true, ""batch"": 2}",SUCCESS,Synthetic automated check,262
700238,0,0,PAYMENT,2025-12-09 23:39:05,"{""synthetic"": true, ""batch"": 2}",SUCCESS,Synthetic automated check,263
700239,1,0,REVISION_CLEANUP,2022-04-20 11:53:20,"{""synthetic"": true, ""batch"": 2}",SUCCESS,Synthetic automated check,264
700240,2,1,APPLICATION,2023-07-17 13:06:23,"{""synthetic"": true, ""batch"": 2}",SUCCESS,Synthetic automated check,265
700241,3,0,CLAIM,2025-12-18 06:00:33,"{""synthetic"": true, ""batch"": 2}",SUCCESS,Synthetic automated check,266
700242,4,0,PAYMENT,2023-04-23 12:45:19,"{""synthetic"": true, ""batch"": 2}",SUCCESS,Synthetic automated check,267
700243,5,0,REVISION_CLEANUP,2021-12-11 15:12:06,"{""synthetic"": true, ""batch"": 2}",SUCCESS,Synthetic automated check,268
700244,6,0,APPLICATION,2024-10-10 23:23:55,"{""synthetic"": true, ""batch"": 2}",SUCCESS,Synthetic automated check,269
700245,7,1,CLAIM,2025-03-06 01:21:25,"{""synthetic"": true, ""batch"": 2}",SUCCESS,Synthetic automated check,270
700246,8,0,PAYMENT,2024-05-11 23:04:50,"{""synthetic"": true, ""batch"": 2}",SUCCESS,Synthetic automated check,271
700247,9,0,REVISION_CLEANUP,2021-10-02 15:16:55,"{""synthetic"": true, ""batch"": 2}",SUCCESS,Synthetic automated check,272
700248,10,0,APPLICATION,2021-09-21 16:26:09,"{""synthetic"": true, ""batch"": 2}",SUCCESS,Synthetic automated check,273
700249,11,0,CLAIM,2023-09-30 22:01:47,"{""synthetic"": true, ""batch"": 2}",SUCCESS,Synthetic automated check,274
700250,12,1,PAYMENT,2024-04-25 02:34:36,"{""synthetic"": true, ""batch"": 2}",SUCCESS,Synthetic automated check,275
700251,13,0,REVISION_CLEANUP,2021-11-05 19:04:16,"{""synthetic"": true, ""batch"": 2}",SUCCESS,Synthetic automated check,276
700252,14,0,APPLICATION,2023-11-22 00:10:18,"{""synthetic"": true, ""batch"": 2}",SUCCESS,Synthetic automated check,277
700253,15,0,CLAIM,2025-04-26 19:23:59,"{""synthetic"": true, ""batch"": 2}",SUCCESS,Synthetic automated check,278
700254,16,0,PAYMENT,2025-05-26 13:06:57,"{""synthetic"": true, ""batch"": 2}",SUCCESS,Synthetic automated check,279
700255,0,1,REVISION_CLEANUP,2023-03-06 09:38:57,"{""synthetic"": true, ""batch"": 2}",SUCCESS,Synthetic automated check,280
700256,1,0,APPLICATION,2022-04-13 04:18:06,"{""synthetic"": true, ""batch"": 2}",SUCCESS,Synthetic automated check,281
700257,2,0,CLAIM,2024-03-10 13:03:59,"{""synthetic"": true, ""batch"": 2}",SUCCESS,Synthetic automated check,282
700258,3,0,PAYMENT,2024-11-16 12:52:42,"{""synthetic"": true, ""batch"": 2}",SUCCESS,Synthetic automated check,283
700259,4,0,REVISION_CLEANUP,2022-07-16 04:55:41,"{""synthetic"": true, ""batch"": 2}",SUCCESS,Synthetic automated check,284
700260,5,1,APPLICATION,2026-08-11 03:56:13,"{""synthetic"": true, ""batch"": 2}",SUCCESS,Synthetic automated check,285
700261,6,0,CLAIM,2023-02-22 22:00:57,"{""synthetic"": true, ""batch"": 2}",PARTIAL,Synthetic automated check,286
700262,7,0,PAYMENT,2024-10-11 13:12:30,"{""synthetic"": true, ""batch"": 2}",SUCCESS,Synthetic automated check,287
700263,8,0,REVISION_CLEANUP,2024-06-11 09:36:56,"{""synthetic"": true, ""batch"": 2}",SUCCESS,Synthetic automated check,288
700264,9,0,APPLICATION,2022-02-02 16:32:56,"{""synthetic"": true, ""batch"": 2}",SUCCESS,Synthetic automated check,289
700265,10,1,CLAIM,2025-06-03 03:02:37,"{""synthetic"": true, ""batch"": 2}",SUCCESS,Synthetic automated check,290
700266,11,0,PAYMENT,2024-09-30 02:59:21,"{""synthetic"": true, ""batch"": 2}",SUCCESS,Synthetic automated check,291
700267,12,0,REVISION_CLEANUP,2022-08-25 15:23:11,"{""synthetic"": true, ""batch"": 2}",SUCCESS,Synthetic automated check,292
700268,13,0,APPLICATION,2023-09-05 02:19:20,"{""synthetic"": true, ""batch"": 2}",SUCCESS,Synthetic automated check,293
700269,14,0,CLAIM,2024-07-30 00:12:33,"{""synthetic"": true, ""batch"": 2}",SUCCESS,Synthetic automated check,294
700270,15,1,PAYMENT,2026-03-26 08:43:44,"{""synthetic"": true, ""batch"": 2}",SUCCESS,Synthetic automated check,295
700271,16,0,REVISION_CLEANUP,2024-09-27 10:12:53,"{""synthetic"": true, ""batch"": 2}",SUCCESS,Synthetic automated check,296
700272,0,0,APPLICATION,2024-09-11 03:14:57,"{""synthetic"": true, ""batch"": 2}",SUCCESS,Synthetic automated check,297
700273,1,0,CLAIM,2023-11-07 12:02:47,"{""synthetic"": true, ""batch"": 2}",SUCCESS,Synthetic automated check,298
700274,2,0,PAYMENT,2024-07-03 22:13:01,"{""synthetic"": true, ""batch"": 2}",SUCCESS,Synthetic automated check,299
700275,3,1,REVISION_CLEANUP,2023-01-25 22:01:36,"{""synthetic"": true, ""batch"": 2}",SUCCESS,Synthetic automated check,300
700276,4,0,APPLICATION,2021-12-13 10:57:52,"{""synthetic"": true, ""batch"": 2}",SUCCESS,Synthetic automated check,301
700277,5,0,CLAIM,2025-02-28 08:33:10,"{""synthetic"": true, ""batch"": 2}",SUCCESS,Synthetic automated check,302
700278,6,0,PAYMENT,2023-10-13 00:53:38,"{""synthetic"": true, ""batch"": 2}",SUCCESS,Synthetic automated check,303
700279,7,0,REVISION_CLEANUP,2022-09-04 16:37:52,"{""synthetic"": true, ""batch"": 2}",SUCCESS,Synthetic automated check,304
700280,8,1,APPLICATION,2023-12-11 23:24:13,"{""synthetic"": true, ""batch"": 2}",SUCCESS,Synthetic automated check,305
700281,9,0,CLAIM,2021-11-16 09:00:01,"{""synthetic"": true, ""batch"": 2}",SUCCESS,Synthetic automated check,306
700282,10,0,PAYMENT,2021-12-07 17:04:52,"{""synthetic"": true, ""batch"": 2}",SUCCESS,Synthetic automated check,307
700283,11,0,REVISION_CLEANUP,2026-07-04 22:28:15,"{""synthetic"": true, ""batch"": 2}",SUCCESS,Synthetic automated check,308
700284,12,0,APPLICATION,2023-07-17 16:54:56,"{""synthetic"": true, ""batch"": 2}",SUCCESS,Synthetic automated check,309
700285,13,1,CLAIM,2025-07-19 10:17:32,"{""synthetic"": true, ""batch"": 2}",SUCCESS,Synthetic automated check,310
700286,14,0,PAYMENT,2025-10-29 13:08:28,"{""synthetic"": true, ""batch"": 2}",SUCCESS,Synthetic automated check,311
700287,15,0,REVISION_CLEANUP,2024-09-05 01:08:17,"{""synthetic"": true, ""batch"": 2}",SUCCESS,Synthetic automated check,312
700288,16,0,APPLICATION,2025-10-19 02:04:44,"{""synthetic"": true, ""batch"": 2}",SUCCESS,Synthetic automated check,313
700289,0,0,CLAIM,2024-03-09 22:19:04,"{""synthetic"": true, ""batch"": 2}",SUCCESS,Synthetic automated check,314
700290,1,1,PAYMENT,2026-04-01 19:47:41,"{""synthetic"": true, ""batch"": 2}",PARTIAL,Synthetic automated check,315
700291,2,0,REVISION_CLEANUP,2022-05-27 04:00:18,"{""synthetic"": true, ""batch"": 2}",SUCCESS,Synthetic automated check,316
700292,3,0,APPLICATION,2025-12-21 23:23:19,"{""synthetic"": true, ""batch"": 2}",SUCCESS,Synthetic automated check,317
700293,4,0,CLAIM,2022-10-10 21:02:19,"{""synthetic"": true, ""batch"": 2}",SUCCESS,Synthetic automated check,318
700294,5,0,PAYMENT,2024-05-30 06:57:12,"{""synthetic"": true, ""batch"": 2}",SUCCESS,Synthetic automated check,319
700295,6,1,REVISION_CLEANUP,2023-11-11 23:36:03,"{""synthetic"": true, ""batch"": 2}",SUCCESS,Synthetic automated check,320
700296,7,0,APPLICATION,2022-02-14 16:33:48,"{""synthetic"": true, ""batch"": 2}",SUCCESS,Synthetic automated check,321
700297,8,0,CLAIM,2024-05-09 23:54:41,"{""synthetic"": true, ""batch"": 2}",SUCCESS,Synthetic automated check,322
700298,9,0,PAYMENT,2025-09-11 06:30:38,"{""synthetic"": true, ""batch"": 2}",SUCCESS,Synthetic automated check,323
700299,10,0,REVISION_CLEANUP,2025-08-19 13:59:54,"{""synthetic"": true, ""batch"": 2}",SUCCESS,Synthetic automated check,324
700300,11,1,APPLICATION,2023-10-02 18:54:30,"{""synthetic"": true, ""batch"": 3}",SUCCESS,Synthetic automated check,325
700301,12,0,CLAIM,2022-01-01 19:55:44,"{""synthetic"": true, ""batch"": 3}",SUCCESS,Synthetic automated check,326
700302,13,0,PAYMENT,2025-09-22 21:00:51,"{""synthetic"": true, ""batch"": 3}",SUCCESS,Synthetic automated check,327
700303,14,0,REVISION_CLEANUP,2026-03-09 19:30:37,"{""synthetic"": true, ""batch"": 3}",SUCCESS,Synthetic automated check,328
700304,15,0,APPLICATION,2023-10-17 21:04:10,"{""synthetic"": true, ""batch"": 3}",SUCCESS,Synthetic automated check,329
700305,16,1,CLAIM,2021-10-18 16:34:53,"{""synthetic"": true, ""batch"": 3}",SUCCESS,Synthetic automated check,330
700306,0,0,PAYMENT,2023-01-19 18:10:21,"{""synthetic"": true, ""batch"": 3}",SUCCESS,Synthetic automated check,331
700307,1,0,REVISION_CLEANUP,2026-02-14 11:19:10,"{""synthetic"": true, ""batch"": 3}",SUCCESS,Synthetic automated check,332
700308,2,0,APPLICATION,2022-06-01 18:24:35,"{""synthetic"": true, ""batch"": 3}",SUCCESS,Synthetic automated check,333
700309,3,0,CLAIM,2026-08-30 21:49:46,"{""synthetic"": true, ""batch"": 3}",SUCCESS,Synthetic automated check,334
700310,4,1,PAYMENT,2025-04-22 00:44:16,"{""synthetic"": true, ""batch"": 3}",SUCCESS,Synthetic automated check,335
700311,5,0,REVISION_CLEANUP,2021-09-19 00:19:24,"{""synthetic"": true, ""batch"": 3}",SUCCESS,Synthetic automated check,336
700312,6,0,APPLICATION,2022-04-16 06:44:18,"{""synthetic"": true, ""batch"": 3}",SUCCESS,Synthetic automated check,337
700313,7,0,CLAIM,2025-10-04 04:22:16,"{""synthetic"": true, ""batch"": 3}",SUCCESS,Synthetic automated check,338
700314,8,0,PAYMENT,2025-12-18 14:46:39,"{""synthetic"": true, ""batch"": 3}",SUCCESS,Synthetic automated check,339
700315,9,1,REVISION_CLEANUP,2025-02-23 20:33:28,"{""synthetic"": true, ""batch"": 3}",SUCCESS,Synthetic automated check,340
700316,10,0,APPLICATION,2023-05-30 11:51:42,"{""synthetic"": true, ""batch"": 3}",SUCCESS,Synthetic automated check,341
700317,11,0,CLAIM,2024-10-19 05:25:55,"{""synthetic"": true, ""batch"": 3}",SUCCESS,Synthetic automated check,342
700318,12,0,PAYMENT,2023-10-09 04:31:29,"{""synthetic"": true, ""batch"": 3}",SUCCESS,Synthetic automated check,343
700319,13,0,REVISION_CLEANUP,2022-06-22 01:35:54,"{""synthetic"": true, ""batch"": 3}",PARTIAL,Synthetic automated check,344
700320,14,1,APPLICATION,2023-09-20 08:43:55,"{""synthetic"": true, ""batch"": 3}",SUCCESS,Synthetic automated check,345
700321,15,0,CLAIM,2024-08-15 16:11:24,"{""synthetic"": true, ""batch"": 3}",SUCCESS,Synthetic automated check,346
700322,16,0,PAYMENT,2022-08-30 14:42:56,"{""synthetic"": true, ""batch"": 3}",SUCCESS,Synthetic automated check,347
700323,0,0,REVISION_CLEANUP,2023-03-09 07:10:16,"{""synthetic"": true, ""batch"": 3}",SUCCESS,Synthetic automated check,348
700324,1,0,APPLICATION,2026-03-20 21:31:40,"{""synthetic"": true, ""batch"": 3}",SUCCESS,Synthetic automated check,349
700325,2,1,CLAIM,2025-08-24 09:48:56,"{""synthetic"": true, ""batch"": 3}",SUCCESS,Synthetic automated check,350
700326,3,0,PAYMENT,2023-12-01 05:22:41,"{""synthetic"": true, ""batch"": 3}",SUCCESS,Synthetic automated check,351
700327,4,0,REVISION_CLEANUP,2021-09-08 05:18:15,"{""synthetic"": true, ""batch"": 3}",SUCCESS,Synthetic automated check,352
700328,5,0,APPLICATION,2025-11-28 13:20:51,"{""synthetic"": true, ""batch"": 3}",SUCCESS,Synthetic automated check,353
700329,6,0,CLAIM,2021-09-14 02:41:21,"{""synthetic"": true, ""batch"": 3}",SUCCESS,Synthetic automated check,354
700330,7,1,PAYMENT,2023-08-04 12:00:23,"{""synthetic"": true, ""batch"": 3}",SUCCESS,Synthetic automated check,355
700331,8,0,REVISION_CLEANUP,2023-11-06 20:54:16,"{""synthetic"": true, ""batch"": 3}",SUCCESS,Synthetic automated check,356
700332,9,0,APPLICATION,2022-07-23 12:24:59,"{""synthetic"": true, ""batch"": 3}",SUCCESS,Synthetic automated check,357
700333,10,0,CLAIM,2022-09-28 12:12:28,"{""synthetic"": true, ""batch"": 3}",SUCCESS,Synthetic automated check,358
700334,11,0,PAYMENT,2023-07-10 17:52:42,"{""synthetic"": true, ""batch"": 3}",SUCCESS,Synthetic automated check,359
700335,12,1,REVISION_CLEANUP,2025-03-24 15:46:58,"{""synthetic"": true, ""batch"": 3}",SUCCESS,Synthetic automated check,360
700336,13,0,APPLICATION,2024-07-29 03:47:48,"{""synthetic"": true, ""batch"": 3}",SUCCESS,Synthetic automated check,361
700337,14,0,CLAIM,2022-09-29 05:14:17,"{""synthetic"": true, ""batch"": 3}",SUCCESS,Synthetic automated check,362
700338,15,0,PAYMENT,2021-12-15 03:14:09,"{""synthetic"": true, ""batch"": 3}",SUCCESS,Synthetic automated check,363
700339,16,0,REVISION_CLEANUP,2022-12-13 05:21:34,"{""synthetic"": true, ""batch"": 3}",SUCCESS,Synthetic automated check,364
700340,0,1,APPLICATION,2023-08-05 10:05:11,"{""synthetic"": true, ""batch"": 3}",SUCCESS,Synthetic automated check,365
700341,1,0,CLAIM,2023-02-06 19:05:46,"{""synthetic"": true, ""batch"": 3}",SUCCESS,Synthetic automated check,366
700342,2,0,PAYMENT,2025-10-20 08:19:41,"{""synthetic"": true, ""batch"": 3}",SUCCESS,Synthetic automated check,367
700343,3,0,REVISION_CLEANUP,2025-01-03 15:08:46,"{""synthetic"": true, ""batch"": 3}",SUCCESS,Synthetic automated check,368
700344,4,0,APPLICATION,2026-01-05 12:28:21,"{""synthetic"": true, ""batch"": 3}",SUCCESS,Synthetic automated check,369
700345,5,1,CLAIM,2024-07-26 11:27:12,"{""synthetic"": true, ""batch"": 3}",SUCCESS,Synthetic automated check,370
700346,6,0,PAYMENT,2026-05-04 10:19:07,"{""synthetic"": true, ""batch"": 3}",SUCCESS,Synthetic automated check,371
700347,7,0,REVISION_CLEANUP,2022-09-23 03:07:57,"{""synthetic"": true, ""batch"": 3}",SUCCESS,Synthetic automated check,372
700348,8,0,APPLICATION,2024-11-20 14:59:11,"{""synthetic"": true, ""batch"": 3}",PARTIAL,Synthetic automated check,373
700349,9,0,CLAIM,2022-07-25 05:29:22,"{""synthetic"": true, ""batch"": 3}",SUCCESS,Synthetic automated check,374
700350,10,1,PAYMENT,2023-04-15 15:58:58,"{""synthetic"": true, ""batch"": 3}",SUCCESS,Synthetic automated check,375
700351,11,0,REVISION_CLEANUP,2025-10-17 07:32:58,"{""synthetic"": true, ""batch"": 3}",SUCCESS,Synthetic automated check,376
700352,12,0,APPLICATION,2023-12-20 01:46:05,"{""synthetic"": true, ""batch"": 3}",SUCCESS,Synthetic automated check,377
700353,13,0,CLAIM,2024-08-05 18:49:08,"{""synthetic"": true, ""batch"": 3}",SUCCESS,Synthetic automated check,378
700354,14,0,PAYMENT,2025-01-02 14:48:21,"{""synthetic"": true, ""batch"": 3}",SUCCESS,Synthetic automated check,379
700355,15,1,REVISION_CLEANUP,2021-10-14 14:55:50,"{""synthetic"": true, ""batch"": 3}",SUCCESS,Synthetic automated check,380
700356,16,0,APPLICATION,2025-12-08 14:21:20,"{""synthetic"": true, ""batch"": 3}",SUCCESS,Synthetic automated check,381
700357,0,0,CLAIM,2025-04-30 22:59:50,"{""synthetic"": true, ""batch"": 3}",SUCCESS,Synthetic automated check,382
700358,1,0,PAYMENT,2024-01-05 11:27:26,"{""synthetic"": true, ""batch"": 3}",SUCCESS,Synthetic automated check,383
700359,2,0,REVISION_CLEANUP,2021-11-21 20:53:56,"{""synthetic"": true, ""batch"": 3}",SUCCESS,Synthetic automated check,384
700360,3,1,APPLICATION,2023-08-25 10:39:19,"{""synthetic"": true, ""batch"": 3}",SUCCESS,Synthetic automated check,385
700361,4,0,CLAIM,2026-07-31 16:49:59,"{""synthetic"": true, ""batch"": 3}",SUCCESS,Synthetic automated check,386
700362,5,0,PAYMENT,2023-01-17 22:44:28,"{""synthetic"": true, ""batch"": 3}",SUCCESS,Synthetic automated check,387
700363,6,0,REVISION_CLEANUP,2022-02-06 06:39:42,"{""synthetic"": true, ""batch"": 3}",SUCCESS,Synthetic automated check,388
700364,7,0,APPLICATION,2021-11-04 15:31:11,"{""synthetic"": true, ""batch"": 3}",SUCCESS,Synthetic automated check,389
700365,8,1,CLAIM,2023-10-05 11:00:00,"{""synthetic"": true, ""batch"": 3}",SUCCESS,Synthetic automated check,390
700366,9,0,PAYMENT,2023-05-19 03:14:32,"{""synthetic"": true, ""batch"": 3}",SUCCESS,Synthetic automated check,391
700367,10,0,REVISION_CLEANUP,2022-02-11 03:38:25,"{""synthetic"": true, ""batch"": 3}",SUCCESS,Synthetic automated check,392
700368,11,0,APPLICATION,2023-11-20 13:04:34,"{""synthetic"": true, ""batch"": 3}",SUCCESS,Synthetic automated check,393
700369,12,0,CLAIM,2025-05-28 00:14:27,"{""synthetic"": true, ""batch"": 3}",SUCCESS,Synthetic automated check,394
700370,13,1,PAYMENT,2024-10-16 03:04:37,"{""synthetic"": true, ""batch"": 3}",SUCCESS,Synthetic automated check,395
700371,14,0,REVISION_CLEANUP,2022-12-04 04:07:58,"{""synthetic"": true, ""batch"": 3}",SUCCESS,Synthetic automated check,396
700372,15,0,APPLICATION,2026-05-02 09:38:57,"{""synthetic"": true, ""batch"": 3}",SUCCESS,Synthetic automated check,397
700373,16,0,CLAIM,2023-02-16 22:00:30,"{""synthetic"": true, ""batch"": 3}",SUCCESS,Synthetic automated check,398
700374,0,0,PAYMENT,2024-02-20 07:26:54,"{""synthetic"": true, ""batch"": 3}",SUCCESS,Synthetic automated check,399
700375,1,1,REVISION_CLEANUP,2025-08-04 02:22:44,"{""synthetic"": true, ""batch"": 3}",SUCCESS,Synthetic automated check,400
700376,2,0,APPLICATION,2023-10-03 11:09:05,"{""synthetic"": true, ""batch"": 3}",SUCCESS,Synthetic automated check,401
700377,3,0,CLAIM,2022-06-07 02:43:25,"{""synthetic"": true, ""batch"": 3}",PARTIAL,Synthetic automated check,402
700378,4,0,PAYMENT,2021-12-13 03:36:59,"{""synthetic"": true, ""batch"": 3}",SUCCESS,Synthetic automated check,403
700379,5,0,REVISION_CLEANUP,2024-08-16 14:38:20,"{""synthetic"": true, ""batch"": 3}",SUCCESS,Synthetic automated check,404
700380,6,1,APPLICATION,2024-06-23 02:41:17,"{""synthetic"": true, ""batch"": 3}",SUCCESS,Synthetic automated check,405
700381,7,0,CLAIM,2025-10-23 17:46:13,"{""synthetic"": true, ""batch"": 3}",SUCCESS,Synthetic automated check,406
700382,8,0,PAYMENT,2026-05-23 19:25:25,"{""synthetic"": true, ""batch"": 3}",SUCCESS,Synthetic automated check,407
700383,9,0,REVISION_CLEANUP,2023-07-08 08:04:02,"{""synthetic"": true, ""batch"": 3}",SUCCESS,Synthetic automated check,408
700384,10,0,APPLICATION,2025-08-24 13:20:09,"{""synthetic"": true, ""batch"": 3}",SUCCESS,Synthetic automated check,409
700385,11,1,CLAIM,2021-12-20 02:55:33,"{""synthetic"": true, ""batch"": 3}",SUCCESS,Synthetic automated check,410
700386,12,0,PAYMENT,2025-09-23 10:17:30,"{""synthetic"": true, ""batch"": 3}",SUCCESS,Synthetic automated check,411
700387,13,0,REVISION_CLEANUP,2024-11-02 23:51:23,"{""synthetic"": true, ""batch"": 3}",SUCCESS,Synthetic automated check,412
700388,14,0,APPLICATION,2026-05-30 10:03:33,"{""synthetic"": true, ""batch"": 3}",SUCCESS,Synthetic automated check,413
700389,15,0,CLAIM,2024-01-21 06:31:16,"{""synthetic"": true, ""batch"": 3}",SUCCESS,Synthetic automated check,414
700390,16,1,PAYMENT,2024-07-14 07:26:19,"{""synthetic"": true, ""batch"": 3}",SUCCESS,Synthetic automated check,415
700391,0,0,REVISION_CLEANUP,2022-12-24 06:26:29,"{""synthetic"": true, ""batch"": 3}",SUCCESS,Synthetic automated check,416
700392,1,0,APPLICATION,2023-08-14 21:25:12,"{""synthetic"": true, ""batch"": 3}",SUCCESS,Synthetic automated check,417
700393,2,0,CLAIM,2025-04-20 02:25:08,"{""synthetic"": true, ""batch"": 3}",SUCCESS,Synthetic automated check,418
700394,3,0,PAYMENT,2024-01-23 18:19:05,"{""synthetic"": true, ""batch"": 3}",SUCCESS,Synthetic automated check,419
700395,4,1,REVISION_CLEANUP,2023-12-16 04:57:43,"{""synthetic"": true, ""batch"": 3}",SUCCESS,Synthetic automated check,420
700396,5,0,APPLICATION,2022-11-12 14:43:41,"{""synthetic"": true, ""batch"": 3}",SUCCESS,Synthetic automated check,421
700397,6,0,CLAIM,2024-11-17 03:51:15,"{""synthetic"": true, ""batch"": 3}",SUCCESS,Synthetic automated check,422
700398,7,0,PAYMENT,2023-04-21 22:38:05,"{""synthetic"": true, ""batch"": 3}",SUCCESS,Synthetic automated check,423
700399,8,0,REVISION_CLEANUP,2022-01-13 10:37:43,"{""synthetic"": true, ""batch"": 3}",SUCCESS,Synthetic automated check,424
700400,9,1,APPLICATION,2026-04-15 14:40:17,"{""synthetic"": true, ""batch"": 4}",SUCCESS,Synthetic automated check,425
700401,10,0,CLAIM,2025-01-05 02:19:20,"{""synthetic"": true, ""batch"": 4}",SUCCESS,Synthetic automated check,426
700402,11,0,PAYMENT,2026-01-23 08:15:43,"{""synthetic"": true, ""batch"": 4}",SUCCESS,Synthetic automated check,427
700403,12,0,REVISION_CLEANUP,2023-10-27 10:32:42,"{""synthetic"": true, ""batch"": 4}",SUCCESS,Synthetic automated check,428
700404,13,0,APPLICATION,2022-01-20 20:09:05,"{""synthetic"": true, ""batch"": 4}",SUCCESS,Synthetic automated check,429
700405,14,1,CLAIM,2025-09-27 12:28:55,"{""synthetic"": true, ""batch"": 4}",SUCCESS,Synthetic automated check,430
700406,15,0,PAYMENT,2024-02-29 19:38:50,"{""synthetic"": true, ""batch"": 4}",PARTIAL,Synthetic automated check,431
700407,16,0,REVISION_CLEANUP,2021-09-09 22:54:40,"{""synthetic"": true, ""batch"": 4}",SUCCESS,Synthetic automated check,432
700408,0,0,APPLICATION,2023-03-30 18:15:10,"{""synthetic"": true, ""batch"": 4}",SUCCESS,Synthetic automated check,433
700409,1,0,CLAIM,2021-09-09 02:54:12,"{""synthetic"": true, ""batch"": 4}",SUCCESS,Synthetic automated check,434
700410,2,1,PAYMENT,2022-11-04 09:54:25,"{""synthetic"": true, ""batch"": 4}",SUCCESS,Synthetic automated check,435
700411,3,0,REVISION_CLEANUP,2026-02-16 11:59:01,"{""synthetic"": true, ""batch"": 4}",SUCCESS,Synthetic automated check,436
700412,4,0,APPLICATION,2025-08-31 06:03:44,"{""synthetic"": true, ""batch"": 4}",SUCCESS,Synthetic automated check,437
700413,5,0,CLAIM,2024-06-27 07:17:12,"{""synthetic"": true, ""batch"": 4}",SUCCESS,Synthetic automated check,438
700414,6,0,PAYMENT,2026-02-22 20:19:30,"{""synthetic"": true, ""batch"": 4}",SUCCESS,Synthetic automated check,439
700415,7,1,REVISION_CLEANUP,2021-09-04 20:54:44,"{""synthetic"": true, ""batch"": 4}",SUCCESS,Synthetic automated check,440
700416,8,0,APPLICATION,2023-12-26 22:14:56,"{""synthetic"": true, ""batch"": 4}",SUCCESS,Synthetic automated check,441
700417,9,0,CLAIM,2021-12-03 06:19:58,"{""synthetic"": true, ""batch"": 4}",SUCCESS,Synthetic automated check,442
700418,10,0,PAYMENT,2023-10-26 03:01:35,"{""synthetic"": true, ""batch"": 4}",SUCCESS,Synthetic automated check,443
700419,11,0,REVISION_CLEANUP,2026-08-05 16:50:43,"{""synthetic"": true, ""batch"": 4}",SUCCESS,Synthetic automated check,444
700420,12,1,APPLICATION,2021-10-21 02:21:38,"{""synthetic"": true, ""batch"": 4}",SUCCESS,Synthetic automated check,445
700421,13,0,CLAIM,2024-01-27 11:54:35,"{""synthetic"": true, ""batch"": 4}",SUCCESS,Synthetic automated check,446
700422,14,0,PAYMENT,2023-03-12 01:50:19,"{""synthetic"": true, ""batch"": 4}",SUCCESS,Synthetic automated check,447
700423,15,0,REVISION_CLEANUP,2022-03-15 19:57:01,"{""synthetic"": true, ""batch"": 4}",SUCCESS,Synthetic automated check,448
700424,16,0,APPLICATION,2022-08-27 03:17:41,"{""synthetic"": true, ""batch"": 4}",SUCCESS,Synthetic automated check,449
700425,0,1,CLAIM,2023-11-17 05:04:07,"{""synthetic"": true, ""batch"": 4}",SUCCESS,Synthetic automated check,450
700426,1,0,PAYMENT,2023-01-17 00:51:01,"{""synthetic"": true, ""batch"": 4}",SUCCESS,Synthetic automated check,451
700427,2,0,REVISION_CLEANUP,2021-12-14 14:56:46,"{""synthetic"": true, ""batch"": 4}",SUCCESS,Synthetic automated check,452
700428,3,0,APPLICATION,2024-08-25 10:35:16,"{""synthetic"": true, ""batch"": 4}",SUCCESS,Synthetic automated check,453
700429,4,0,CLAIM,2024-12-08 14:21:09,"{""synthetic"": true, ""batch"": 4}",SUCCESS,Synthetic automated check,454
700430,5,1,PAYMENT,2025-04-01 04:16:50,"{""synthetic"": true, ""batch"": 4}",SUCCESS,Synthetic automated check,455
700431,6,0,REVISION_CLEANUP,2026-04-21 08:27:19,"{""synthetic"": true, ""batch"": 4}",SUCCESS,Synthetic automated check,456
700432,7,0,APPLICATION,2024-03-18 07:52:50,"{""synthetic"": true, ""batch"": 4}",SUCCESS,Synthetic automated check,457
700433,8,0,CLAIM,2021-12-27 13:44:20,"{""synthetic"": true, ""batch"": 4}",SUCCESS,Synthetic automated check,458
700434,9,0,PAYMENT,2026-07-19 15:00:04,"{""synthetic"": true, ""batch"": 4}",SUCCESS,Synthetic automated check,459
700435,10,1,REVISION_CLEANUP,2024-11-08 09:39:03,"{""synthetic"": true, ""batch"": 4}",PARTIAL,Synthetic automated check,460
700436,11,0,APPLICATION,2023-11-14 05:27:23,"{""synthetic"": true, ""batch"": 4}",SUCCESS,Synthetic automated check,461
700437,12,0,CLAIM,2021-09-01 22:40:28,"{""synthetic"": true, ""batch"": 4}",SUCCESS,Synthetic automated check,462
700438,13,0,PAYMENT,2024-11-12 04:47:58,"{""synthetic"": true, ""batch"": 4}",SUCCESS,Synthetic automated check,463
700439,14,0,REVISION_CLEANUP,2025-08-04 23:54:21,"{""synthetic"": true, ""batch"": 4}",SUCCESS,Synthetic automated check,464
700440,15,1,APPLICATION,2023-10-13 19:47:19,"{""synthetic"": true, ""batch"": 4}",SUCCESS,Synthetic automated check,465
700441,16,0,CLAIM,2025-12-24 21:28:29,"{""synthetic"": true, ""batch"": 4}",SUCCESS,Synthetic automated check,466
700442,0,0,PAYMENT,2022-03-07 09:24:43,"{""synthetic"": true, ""batch"": 4}",SUCCESS,Synthetic automated check,467
700443,1,0,REVISION_CLEANUP,2022-01-06 08:41:47,"{""synthetic"": true, ""batch"": 4}",SUCCESS,Synthetic automated check,468
700444,2,0,APPLICATION,2023-06-27 10:51:39,"{""synthetic"": true, ""batch"": 4}",SUCCESS,Synthetic automated check,469
700445,3,1,CLAIM,2021-09-11 22:23:30,"{""synthetic"": true, ""batch"": 4}",SUCCESS,Synthetic automated check,470
700446,4,0,PAYMENT,2025-08-23 05:57:26,"{""synthetic"": true, ""batch"": 4}",SUCCESS,Synthetic automated check,471
700447,5,0,REVISION_CLEANUP,2025-09-27 10:52:02,"{""synthetic"": true, ""batch"": 4}",SUCCESS,Synthetic automated check,472
700448,6,0,APPLICATION,2026-06-01 08:35:38,"{""synthetic"": true, ""batch"": 4}",SUCCESS,Synthetic automated check,473
700449,7,0,CLAIM,2023-11-15 11:03:23,"{""synthetic"": true, ""batch"": 4}",SUCCESS,Synthetic automated check,474
700450,8,1,PAYMENT,2026-07-09 20:37:56,"{""synthetic"": true, ""batch"": 4}",SUCCESS,Synthetic automated check,475
700451,9,0,REVISION_CLEANUP,2025-10-23 19:35:06,"{""synthetic"": true, ""batch"": 4}",SUCCESS,Synthetic automated check,476
700452,10,0,APPLICATION,2026-08-06 06:20:00,"{""synthetic"": true, ""batch"": 4}",SUCCESS,Synthetic automated check,477
700453,11,0,CLAIM,2024-01-14 09:38:20,"{""synthetic"": true, ""batch"": 4}",SUCCESS,Synthetic automated check,478
700454,12,0,PAYMENT,2022-03-26 05:48:01,"{""synthetic"": true, ""batch"": 4}",SUCCESS,Synthetic automated check,479
700455,13,1,REVISION_CLEANUP,2023-01-30 00:28:08,"{""synthetic"": true, ""batch"": 4}",SUCCESS,Synthetic automated check,480
700456,14,0,APPLICATION,2022-11-11 09:54:25,"{""synthetic"": true, ""batch"": 4}",SUCCESS,Synthetic automated check,481
700457,15,0,CLAIM,2024-07-27 22:12:17,"{""synthetic"": true, ""batch"": 4}",SUCCESS,Synthetic automated check,482
700458,16,0,PAYMENT,2026-04-20 06:36:08,"{""synthetic"": true, ""batch"": 4}",SUCCESS,Synthetic automated check,483
700459,0,0,REVISION_CLEANUP,2026-08-27 16:20:17,"{""synthetic"": true, ""batch"": 4}",SUCCESS,Synthetic automated check,484
700460,1,1,APPLICATION,2025-06-01 20:43:35,"{""synthetic"": true, ""batch"": 4}",SUCCESS,Synthetic automated check,485
700461,2,0,CLAIM,2025-11-22 06:43:39,"{""synthetic"": true, ""batch"": 4}",SUCCESS,Synthetic automated check,486
700462,3,0,PAYMENT,2026-08-05 00:58:24,"{""synthetic"": true, ""batch"": 4}",SUCCESS,Synthetic automated check,487
700463,4,0,REVISION_CLEANUP,2024-11-05 22:58:28,"{""synthetic"": true, ""batch"": 4}",SUCCESS,Synthetic automated check,488
700464,5,0,APPLICATION,2025-12-02 01:57:08,"{""synthetic"": true, ""batch"": 4}",PARTIAL,Synthetic automated check,489
700465,6,1,CLAIM,2022-05-29 00:38:40,"{""synthetic"": true, ""batch"": 4}",SUCCESS,Synthetic automated check,490
700466,7,0,PAYMENT,2023-02-04 23:46:44,"{""synthetic"": true, ""batch"": 4}",SUCCESS,Synthetic automated check,491
700467,8,0,REVISION_CLEANUP,2023-02-22 23:01:29,"{""synthetic"": true, ""batch"": 4}",SUCCESS,Synthetic automated check,492
700468,9,0,APPLICATION,2024-01-29 10:51:45,"{""synthetic"": true, ""batch"": 4}",SUCCESS,Synthetic automated check,493
700469,10,0,CLAIM,2024-01-26 10:27:22,"{""synthetic"": true, ""batch"": 4}",SUCCESS,Synthetic automated check,494
700470,11,1,PAYMENT,2025-07-28 19:14:03,"{""synthetic"": true, ""batch"": 4}",SUCCESS,Synthetic automated check,495
700471,12,0,REVISION_CLEANUP,2026-01-05 00:26:09,"{""synthetic"": true, ""batch"": 4}",SUCCESS,Synthetic automated check,496
700472,13,0,APPLICATION,2023-02-14 22:51:31,"{""synthetic"": true, ""batch"": 4}",SUCCESS,Synthetic automated check,497
700473,14,0,CLAIM,2026-07-15 11:00:03,"{""synthetic"": true, ""batch"": 4}",SUCCESS,Synthetic automated check,498
700474,15,0,PAYMENT,2026-08-17 00:56:02,"{""synthetic"": true, ""batch"": 4}",SUCCESS,Synthetic automated check,499
700475,16,1,REVISION_CLEANUP,2021-09-19 15:35:43,"{""synthetic"": true, ""batch"": 4}",SUCCESS,Synthetic automated check,500
700476,0,0,APPLICATION,2022-12-23 08:21:27,"{""synthetic"": true, ""batch"": 4}",SUCCESS,Synthetic automated check,501
700477,1,0,CLAIM,2024-02-06 06:18:57,"{""synthetic"": true, ""batch"": 4}",SUCCESS,Synthetic automated check,502
700478,2,0,PAYMENT,2023-11-05 10:02:05,"{""synthetic"": true, ""batch"": 4}",SUCCESS,Synthetic automated check,503
700479,3,0,REVISION_CLEANUP,2022-05-22 05:46:25,"{""synthetic"": true, ""batch"": 4}",SUCCESS,Synthetic automated check,504
700480,4,1,APPLICATION,2024-08-06 08:22:28,"{""synthetic"": true, ""batch"": 4}",SUCCESS,Synthetic automated check,505
700481,5,0,CLAIM,2025-01-20 07:57:46,"{""synthetic"": true, ""batch"": 4}",SUCCESS,Synthetic automated check,506
700482,6,0,PAYMENT,2023-02-26 08:32:05,"{""synthetic"": true, ""batch"": 4}",SUCCESS,Synthetic automated check,507
700483,7,0,REVISION_CLEANUP,2025-01-31 05:31:40,"{""synthetic"": true, ""batch"": 4}",SUCCESS,Synthetic automated check,508
700484,8,0,APPLICATION,2025-11-14 07:44:45,"{""synthetic"": true, ""batch"": 4}",SUCCESS,Synthetic automated check,509
700485,9,1,CLAIM,2023-05-20 15:01:56,"{""synthetic"": true, ""batch"": 4}",SUCCESS,Synthetic automated check,510
700486,10,0,PAYMENT,2023-10-15 23:08:53,"{""synthetic"": true, ""batch"": 4}",SUCCESS,Synthetic automated check,511
700487,11,0,REVISION_CLEANUP,2023-08-16 05:01:59,"{""synthetic"": true, ""batch"": 4}",SUCCESS,Synthetic automated check,512
700488,12,0,APPLICATION,2023-09-22 12:27:28,"{""synthetic"": true, ""batch"": 4}",SUCCESS,Synthetic automated check,513
700489,13,0,CLAIM,2026-08-15 01:00:43,"{""synthetic"": true, ""batch"": 4}",SUCCESS,Synthetic automated check,514
700490,14,1,PAYMENT,2023-01-28 14:24:44,"{""synthetic"": true, ""batch"": 4}",SUCCESS,Synthetic automated check,515
700491,15,0,REVISION_CLEANUP,2023-06-24 23:07:35,"{""synthetic"": true, ""batch"": 4}",SUCCESS,Synthetic automated check,516
700492,16,0,APPLICATION,2024-02-23 14:40:42,"{""synthetic"": true, ""batch"": 4}",SUCCESS,Synthetic automated check,517
700493,0,0,CLAIM,2022-09-18 06:46:19,"{""synthetic"": true, ""batch"": 4}",PARTIAL,Synthetic automated check,518
700494,1,0,PAYMENT,2022-07-06 00:23:42,"{""synthetic"": true, ""batch"": 4}",SUCCESS,Synthetic automated check,519
700495,2,1,REVISION_CLEANUP,2022-11-05 22:58:33,"{""synthetic"": true, ""batch"": 4}",SUCCESS,Synthetic automated check,520
700496,3,0,APPLICATION,2021-11-22 03:22:28,"{""synthetic"": true, ""batch"": 4}",SUCCESS,Synthetic automated check,521
700497,4,0,CLAIM,2021-12-21 06:49:09,"{""synthetic"": true, ""batch"": 4}",SUCCESS,Synthetic automated check,522
700498,5,0,PAYMENT,2025-09-15 15:45:59,"{""synthetic"": true, ""batch"": 4}",SUCCESS,Synthetic automated check,523
700499,6,0,REVISION_CLEANUP,2026-07-05 03:54:09,"{""synthetic"": true, ""batch"": 4}",SUCCESS,Synthetic automated check,524
