id,category,created_at,message,rating,is_read,customer_id
500000,SERVICE,2024-04-29 00:06:37,Synthetic feedback message 1; no real customer data.,1,0,100251
500001,PAYMENT,2025-11-13 22:48:30,Synthetic feedback message 2; no real customer data.,2,1,100252
500002,CLAIM,2026-05-14 21:51:56,Synthetic feedback message 3; no real customer data.,3,1,100253
500003,APPLICATION,2022-05-30 09:57:06,Synthetic feedback message 4; no real customer data.,4,1,100254
500004,PORTAL,2024-09-12 09:22:22,Synthetic feedback message 5; no real customer data.,5,0,100255
500005,SERVICE,2022-01-10 09:24:17,Synthetic feedback message 6; no real customer data.,1,1,100256
500006,PAYMENT,2026-07-13 07:13:27,Synthetic feedback message 7; no real customer data.,2,1,100257
500007,CLAIM,2023-05-28 20:38:43,Synthetic feedback message 8; no real customer data.,3,1,100258
500008,APPLICATION,2022-03-29 10:16:49,Synthetic feedback message 9; no real customer data.,4,0,100259
500009,PORTAL,2025-07-10 11:28:32,Synthetic feedback message 10; no real customer data.,5,1,100260
500010,SERVICE,2026-06-27 09:23:44,Synthetic feedback message 11; no real customer data.,1,1,100261
500011,PAYMENT,2024-04-28 18:25:56,Synthetic feedback message 12; no real customer data.,2,1,100262
500012,CLAIM,2024-05-05 11:09:03,Synthetic feedback message 13; no real customer data.,3,0,100263
500013,APPLICATION,2022-01-11 04:44:36,Synthetic feedback message 14; no real customer data.,4,1,100264
500014,PORTAL,2021-10-14 03:37:25,Synthetic feedback message 15; no real customer data.,5,1,100265
500015,SERVICE,2024-03-01 06:24:25,Synthetic feedback message 16; no real customer data.,1,1,100266
500016,PAYMENT,2023-03-19 10:07:41,Synthetic feedback message 17; no real customer data.,2,0,100267
500017,CLAIM,2023-01-08 05:10:27,Synthetic feedback message 18; no real customer data.,3,1,100268
500018,APPLICATION,2026-02-20 23:39:26,Synthetic feedback message 19; no real customer data.,4,1,100269
500019,PORTAL,2023-11-13 09:29:12,Synthetic feedback message 20; no real customer data.,5,1,100270
500020,SERVICE,2022-06-14 18:31:20,Synthetic feedback message 21; no real customer data.,1,0,100271
500021,PAYMENT,2024-02-24 00:52:21,Synthetic feedback message 22; no real customer data.,2,1,100272
500022,CLAIM,2024-06-13 18:46:38,Synthetic feedback message 23; no real customer data.,3,1,100273
500023,APPLICATION,2023-03-20 05:07:42,Synthetic feedback message 24; no real customer data.,4,1,100274
500024,PORTAL,2024-02-04 02:54:25,Synthetic feedback message 25; no real customer data.,5,0,100275
500025,SERVICE,2022-04-22 21:53:17,Synthetic feedback message 26; no real customer data.,1,1,100276
500026,PAYMENT,2022-03-18 02:32:35,Synthetic feedback message 27; no real customer data.,2,1,100277
500027,CLAIM,2025-03-15 15:28:31,Synthetic feedback message 28; no real customer data.,3,1,100278
500028,APPLICATION,2025-08-24 22:10:18,Synthetic feedback message 29; no real customer data.,4,0,100279
500029,PORTAL,2025-08-20 17:40:30,Synthetic feedback message 30; no real customer data.,5,1,100280
500030,SERVICE,2022-11-05 02:45:37,Synthetic feedback message 31; no real customer data.,1,1,100281
500031,PAYMENT,2023-01-27 21:46:04,Synthetic feedback message 32; no real customer data.,2,1,100282
500032,CLAIM,2022-01-20 02:09:54,Synthetic feedback message 33; no real customer data.,3,0,100283
500033,APPLICATION,2023-04-21 16:56:50,Synthetic feedback message 34; no real customer data.,4,1,100284
500034,PORTAL,2023-04-26 23:03:25,Synthetic feedback message 35; no real customer data.,5,1,100285
500035,SERVICE,2023-08-29 21:40:48,Synthetic feedback message 36; no real customer data.,1,1,100286
500036,PAYMENT,2025-01-08 08:17:11,Synthetic feedback message 37; no real customer data.,2,0,100287
500037,CLAIM,2026-07-08 05:31:01,Synthetic feedback message 38; no real customer data.,3,1,100288
500038,APPLICATION,2023-02-16 10:38:26,Synthetic feedback message 39; no real customer data.,4,1,100289
500039,PORTAL,2022-07-22 14:20:37,Synthetic feedback message 40; no real customer data.,5,1,100290
500040,SERVICE,2024-08-19 15:12:51,Synthetic feedback message 41; no real customer data.,1,0,100291
500041,PAYMENT,2022-04-15 20:39:59,Synthetic feedback message 42; no real customer data.,2,1,100292
500042,CLAIM,2022-11-23 15:17:48,Synthetic feedback message 43; no real customer data.,3,1,100293
500043,APPLICATION,2023-10-08 10:00:48,Synthetic feedback message 44; no real customer data.,4,1,100294
500044,PORTAL,2024-08-08 05:37:24,Synthetic feedback message 45; no real customer data.,5,0,100295
500045,SERVICE,2025-03-28 14:05:21,Synthetic feedback message 46; no real customer data.,1,1,100296
500046,PAYMENT,2024-10-15 08:24:31,Synthetic feedback message 47; no real customer data.,2,1,100297
500047,CLAIM,2022-09-02 18:29:22,Synthetic feedback message 48; no real customer data.,3,1,100298
500048,APPLICATION,2023-04-18 16:13:11,Synthetic feedback message 49; no real customer data.,4,0,100299
500049,PORTAL,2026-02-20 14:20:02,Synthetic feedback message 50; no real customer data.,5,1,100300
500050,SERVICE,2022-04-03 19:33:45,Synthetic feedback message 51; no real customer data.,1,1,100301
500051,PAYMENT,2024-08-16 16:17:18,Synthetic feedback message 52; no real customer data.,2,1,100302
500052,CLAIM,2024-06-12 17:31:46,Synthetic feedback message 53; no real customer data.,3,0,100303
500053,APPLICATION,2025-07-16 08:02:06,Synthetic feedback message 54; no real customer data.,4,1,100304
500054,PORTAL,2022-07-12 04:52:53,Synthetic feedback message 55; no real customer data.,5,1,100305
500055,SERVICE,2024-12-05 07:56:03,Synthetic feedback message 56; no real customer data.,1,1,100306
500056,PAYMENT,2022-08-22 15:37:26,Synthetic feedback message 57; no real customer data.,2,0,100307
500057,CLAIM,2025-07-22 14:20:10,Synthetic feedback message 58; no real customer data.,3,1,100308
500058,APPLICATION,2024-09-14 04:22:08,Synthetic feedback message 59; no real customer data.,4,1,100309
500059,PORTAL,2022-06-16 14:20:43,Synthetic feedback message 60; no real customer data.,5,1,100310
500060,SERVICE,2023-04-20 14:05:10,Synthetic feedback message 61; no real customer data.,1,0,100311
500061,PAYMENT,2022-05-20 22:11:29,Synthetic feedback message 62; no real customer data.,2,1,100312
500062,CLAIM,2023-02-21 19:54:48,Synthetic feedback message 63; no real customer data.,3,1,100313
500063,APPLICATION,2023-03-23 09:23:57,Synthetic feedback message 64; no real customer data.,4,1,100314
500064,PORTAL,2023-11-29 11:32:45,Synthetic feedback message 65; no real customer data.,5,0,100315
500065,SERVICE,2023-04-13 19:15:29,Synthetic feedback message 66; no real customer data.,1,1,100316
500066,PAYMENT,2026-04-01 12:57:16,Synthetic feedback message 67; no real customer data.,2,1,100317
500067,CLAIM,2024-11-13 05:01:22,Synthetic feedback message 68; no real customer data.,3,1,100318
500068,APPLICATION,2025-07-20 08:03:13,Synthetic feedback message 69; no real customer data.,4,0,100319
500069,PORTAL,2026-07-21 04:57:17,Synthetic feedback message 70; no real customer data.,5,1,100320
500070,SERVICE,2022-01-07 08:11:13,Synthetic feedback message 71; no real customer data.,1,1,100321
500071,PAYMENT,2026-04-13 02:22:51,Synthetic feedback message 72; no real customer data.,2,1,100322
500072,CLAIM,2025-03-26 01:59:53,Synthetic feedback message 73; no real customer data.,3,0,100323
500073,APPLICATION,2026-05-08 12:31:31,Synthetic feedback message 74; no real customer data.,4,1,100324
500074,PORTAL,2022-08-09 06:25:48,Synthetic feedback message 75; no real customer data.,5,1,100325
500075,SERVICE,2024-04-26 17:12:34,Synthetic feedback message 76; no real customer data.,1,1,100326
500076,PAYMENT,2022-09-25 11:49:56,Synthetic feedback message 77; no real customer data.,2,0,100327
500077,CLAIM,2022-04-08 11:09:12,Synthetic feedback message 78; no real customer data.,3,1,100328
500078,APPLICATION,2024-06-13 14:33:06,Synthetic feedback message 79; no real customer data.,4,1,100329
500079,PORTAL,2025-04-03 22:44:14,Synthetic feedback message 80; no real customer data.,5,1,100330
500080,SERVICE,2025-05-15 18:43:15,Synthetic feedback message 81; no real customer data.,1,0,100331
500081,PAYMENT,2024-11-03 21:38:01,Synthetic feedback message 82; no real customer data.,2,1,100332
500082,CLAIM,2024-05-02 09:26:32,Synthetic feedback message 83; no real customer data.,3,1,100333
500083,APPLICATION,2023-02-26 18:32:02,Synthetic feedback message 84; no real customer data.,4,1,100334
500084,PORTAL,2023-02-19 14:57:16,Synthetic feedback message 85; no real customer data.,5,0,100335
500085,SERVICE,2022-03-13 20:57:08,Synthetic feedback message 86; no real customer data.,1,1,100336
500086,PAYMENT,2025-06-10 22:35:19,Synthetic feedback message 87; no real customer data.,2,1,100337
500087,CLAIM,2026-02-22 14:14:16,Synthetic feedback message 88; no real customer data.,3,1,100338
500088,APPLICATION,2022-08-24 00:15:53,Synthetic feedback message 89; no real customer data.,4,0,100339
500089,PORTAL,2024-11-10 20:17:04,Synthetic feedback message 90; no real customer data.,5,1,100340
500090,SERVICE,2023-09-17 03:57:23,Synthetic feedback message 91; no real customer data.,1,1,100341
500091,PAYMENT,2022-03-15 14:10:11,Synthetic feedback message 92; no real customer data.,2,1,100342
500092,CLAIM,2026-01-21 05:46:55,Synthetic feedback message 93; no real customer data.,3,0,100343
500093,APPLICATION,2026-04-24 03:43:42,Synthetic feedback message 94; no real customer data.,4,1,100344
500094,PORTAL,2026-07-31 08:07:47,Synthetic feedback message 95; no real customer data.,5,1,100345
500095,SERVICE,2021-10-17 14:55:54,Synthetic feedback message 96; no real customer data.,1,1,100346
500096,PAYMENT,2024-11-08 10:27:50,Synthetic feedback message 97; no real customer data.,2,0,100347
500097,CLAIM,2024-08-12 03:50:04,Synthetic feedback message 98; no real customer data.,3,1,100348
500098,APPLICATION,2025-03-02 09:51:43,Synthetic feedback message 99; no real customer data.,4,1,100349
500099,PORTAL,2024-11-09 10:04:49,Synthetic feedback message 100; no real customer data.,5,1,100350
500100,SERVICE,2024-09-12 10:02:18,Synthetic feedback message 101; no real customer data.,1,0,100351
500101,PAYMENT,2025-09-13 01:01:32,Synthetic feedback message 102; no real customer data.,2,1,100352
500102,CLAIM,2022-06-02 15:28:37,Synthetic feedback message 103; no real customer data.,3,1,100353
500103,APPLICATION,2025-04-07 13:06:50,Synthetic feedback message 104; no real customer data.,4,1,100354
500104,PORTAL,2026-03-07 05:22:18,Synthetic feedback message 105; no real customer data.,5,0,100355
500105,SERVICE,2025-07-31 22:30:21,Synthetic feedback message 106; no real customer data.,1,1,100356
500106,PAYMENT,2024-05-28 02:52:01,Synthetic feedback message 107; no real customer data.,2,1,100357
500107,CLAIM,2024-12-21 08:52:25,Synthetic feedback message 108; no real customer data.,3,1,100358
500108,APPLICATION,2024-12-01 15:10:22,Synthetic feedback message 109; no real customer data.,4,0,100359
500109,PORTAL,2025-07-14 21:12:35,Synthetic feedback message 110; no real customer data.,5,1,100360
500110,SERVICE,2023-12-07 12:18:13,Synthetic feedback message 111; no real customer data.,1,1,100361
500111,PAYMENT,2025-06-01 17:09:21,Synthetic feedback message 112; no real customer data.,2,1,100362
500112,CLAIM,2023-01-16 17:15:13,Synthetic feedback message 113; no real customer data.,3,0,100363
500113,APPLICATION,2025-03-28 20:22:33,Synthetic feedback message 114; no real customer data.,4,1,100364
500114,PORTAL,2022-11-09 07:57:21,Synthetic feedback message 115; no real customer data.,5,1,100365
500115,SERVICE,2023-11-02 23:15:43,Synthetic feedback message 116; no real customer data.,1,1,100366
500116,PAYMENT,2023-09-26 09:12:08,Synthetic feedback message 117; no real customer data.,2,0,100367
500117,CLAIM,2022-05-02 14:39:50,Synthetic feedback message 118; no real customer data.,3,1,100368
500118,APPLICATION,2024-06-12 21:09:35,Synthetic feedback message 119; no real customer data.,4,1,100369
500119,PORTAL,2026-03-25 16:22:47,Synthetic feedback message 120; no real customer data.,5,1,100370
500120,SERVICE,2023-07-09 19:37:45,Synthetic feedback message 121; no real customer data.,1,0,100371
500121,PAYMENT,2024-05-02 05:12:07,Synthetic feedback message 122; no real customer data.,2,1,100372
500122,CLAIM,2026-01-12 20:19:08,Synthetic feedback message 123; no real customer data.,3,1,100373
500123,APPLICATION,2022-07-27 01:15:39,Synthetic feedback message 124; no real customer data.,4,1,100374
500124,PORTAL,2023-09-02 07:46:15,Synthetic feedback message 125; no real customer data.,5,0,100375
500125,SERVICE,2023-06-14 13:33:40,Synthetic feedback message 126; no real customer data.,1,1,100376
500126,PAYMENT,2024-10-11 04:45:46,Synthetic feedback message 127; no real customer data.,2,1,100377
500127,CLAIM,2022-12-23 23:26:40,Synthetic feedback message 128; no real customer data.,3,1,100378
500128,APPLICATION,2022-02-24 21:26:40,Synthetic feedback message 129; no real customer data.,4,0,100379
500129,PORTAL,2026-07-10 11:11:51,Synthetic feedback message 130; no real customer data.,5,1,100380
500130,SERVICE,2025-08-14 16:09:22,Synthetic feedback message 131; no real customer data.,1,1,100381
500131,PAYMENT,2023-05-18 11:10:58,Synthetic feedback message 132; no real customer data.,2,1,100382
500132,CLAIM,2026-02-22 09:17:53,Synthetic feedback message 133; no real customer data.,3,0,100383
500133,APPLICATION,2026-02-14 18:41:03,Synthetic feedback message 134; no real customer data.,4,1,100384
500134,PORTAL,2022-05-26 09:32:47,Synthetic feedback message 135; no real customer data.,5,1,100385
500135,SERVICE,2026-07-23 10:01:05,Synthetic feedback message 136; no real customer data.,1,1,100386
500136,PAYMENT,2025-12-03 07:39:25,Synthetic feedback message 137; no real customer data.,2,0,100387
500137,CLAIM,2025-12-27 17:56:13,Synthetic feedback message 138; no real customer data.,3,1,100388
500138,APPLICATION,2023-02-06 09:52:08,Synthetic feedback message 139; no real customer data.,4,1,100389
500139,PORTAL,2026-08-14 08:00:18,Synthetic feedback message 140; no real customer data.,5,1,100390
500140,SERVICE,2023-01-09 02:17:05,Synthetic feedback message 141; no real customer data.,1,0,100391
500141,PAYMENT,2024-09-23 05:20:04,Synthetic feedback message 142; no real customer data.,2,1,100392
500142,CLAIM,2022-02-21 02:41:18,Synthetic feedback message 143; no real customer data.,3,1,100393
500143,APPLICATION,2024-07-19 15:29:15,Synthetic feedback message 144; no real customer data.,4,1,100394
500144,PORTAL,2024-09-26 05:03:03,Synthetic feedback message 145; no real customer data.,5,0,100395
500145,SERVICE,2021-11-16 13:59:56,Synthetic feedback message 146; no real customer data.,1,1,100396
500146,PAYMENT,2022-01-06 04:06:33,Synthetic feedback message 147; no real customer data.,2,1,100397
500147,CLAIM,2024-11-08 08:20:33,Synthetic feedback message 148; no real customer data.,3,1,100398
500148,APPLICATION,2025-05-12 04:44:18,Synthetic feedback message 149; no real customer data.,4,0,100399
500149,PORTAL,2026-02-18 11:00:39,Synthetic feedback message 150; no real customer data.,5,1,100400
500150,SERVICE,2023-09-12 04:41:35,Synthetic feedback message 151; no real customer data.,1,1,100401
500151,PAYMENT,2026-06-08 17:45:48,Synthetic feedback message 152; no real customer data.,2,1,100402
500152,CLAIM,2024-12-09 09:58:39,Synthetic feedback message 153; no real customer data.,3,0,100403
500153,APPLICATION,2023-11-28 18:05:54,Synthetic feedback message 154; no real customer data.,4,1,100404
500154,PORTAL,2023-08-06 02:33:17,Synthetic feedback message 155; no real customer data.,5,1,100405
500155,SERVICE,2025-04-27 07:47:21,Synthetic feedback message 156; no real customer data.,1,1,100406
500156,PAYMENT,2025-01-20 03:24:12,Synthetic feedback message 157; no real customer data.,2,0,100407
500157,CLAIM,2024-04-27 14:45:25,Synthetic feedback message 158; no real customer data.,3,1,100408
500158,APPLICATION,2024-10-31 19:36:19,Synthetic feedback message 159; no real customer data.,4,1,100409
500159,PORTAL,2025-05-21 10:40:20,Synthetic feedback message 160; no real customer data.,5,1,100410
500160,SERVICE,2024-01-28 01:47:00,Synthetic feedback message 161; no real customer data.,1,0,100411
500161,PAYMENT,2025-08-26 19:09:28,Synthetic feedback message 162; no real customer data.,2,1,100412
500162,CLAIM,2024-09-13 20:30:11,Synthetic feedback message 163; no real customer data.,3,1,100413
500163,APPLICATION,2026-03-13 13:13:25,Synthetic feedback message 164; no real customer data.,4,1,100414
500164,PORTAL,2023-11-21 23:40:44,Synthetic feedback message 165; no real customer data.,5,0,100415
500165,SERVICE,2025-03-24 05:57:07,Synthetic feedback message 166; no real customer data.,1,1,100416
500166,PAYMENT,2025-07-07 06:09:04,Synthetic feedback message 167; no real customer data.,2,1,100417
500167,CLAIM,2022-08-09 11:46:13,Synthetic feedback message 168; no real customer data.,3,1,100418
500168,APPLICATION,2022-03-17 05:13:59,Synthetic feedback message 169; no real customer data.,4,0,100419
500169,PORTAL,2023-07-22 04:10:57,Synthetic feedback message 170; no real customer data.,5,1,100420
500170,SERVICE,2024-11-04 12:45:06,Synthetic feedback message 171; no real customer data.,1,1,100421
500171,PAYMENT,2026-07-09 21:44:20,Synthetic feedback message 172; no real customer data.,2,1,100422
500172,CLAIM,2024-02-07 13:10:11,Synthetic feedback message 173; no real customer data.,3,0,100423
500173,APPLICATION,2026-07-28 14:57:45,Synthetic feedback message 174; no real customer data.,4,1,100424
500174,PORTAL,2022-03-02 22:00:07,Synthetic feedback message 175; no real customer data.,5,1,100425
500175,SERVICE,2024-02-16 16:01:40,Synthetic feedback message 176; no real customer data.,1,1,100426
500176,PAYMENT,2023-05-02 09:46:23,Synthetic feedback message 177; no real customer data.,2,0,100427
500177,CLAIM,2023-06-21 08:31:43,Synthetic feedback message 178; no real customer data.,3,1,100428
500178,APPLICATION,2022-01-10 09:34:24,Synthetic feedback message 179; no real customer data.,4,1,100429
500179,PORTAL,2022-07-19 21:55:29,Synthetic feedback message 180; no real customer data.,5,1,100430
500180,SERVICE,2024-10-02 14:05:36,Synthetic feedback message 181; no real customer data.,1,0,100431
500181,PAYMENT,2026-04-16 19:17:10,Synthetic feedback message 182; no real customer data.,2,1,100432
500182,CLAIM,2024-02-18 16:07:57,Synthetic feedback message 183; no real customer data.,3,1,100433
500183,APPLICATION,2026-07-26 16:00:36,Synthetic feedback message 184; no real customer data.,4,1,100434
500184,PORTAL,2023-06-21 22:26:32,Synthetic feedback message 185; no real customer data.,5,0,100435
500185,SERVICE,2024-07-10 12:26:10,Synthetic feedback message 186; no real customer data.,1,1,100436
500186,PAYMENT,2025-11-27 13:41:46,Synthetic feedback message 187; no real customer data.,2,1,100437
500187,CLAIM,2024-12-03 08:44:42,Synthetic feedback message 188; no real customer data.,3,1,100438
500188,APPLICATION,2023-11-25 00:13:37,Synthetic feedback message 189; no real customer data.,4,0,100439
500189,PORTAL,2022-03-01 12:19:17,Synthetic feedback message 190; no real customer data.,5,1,100440
500190,SERVICE,2024-01-31 19:59:29,Synthetic feedback message 191; no real customer data.,1,1,100441
500191,PAYMENT,2024-03-17 01:57:03,Synthetic feedback message 192; no real customer data.,2,1,100442
500192,CLAIM,2026-03-22 08:07:26,Synthetic feedback message 193; no real customer data.,3,0,100443
500193,APPLICATION,2022-01-08 02:07:59,Synthetic feedback message 194; no real customer data.,4,1,100444
500194,PORTAL,2025-02-08 04:55:43,Synthetic feedback message 195; no real customer data.,5,1,100445
500195,SERVICE,2024-05-24 00:37:15,Synthetic feedback message 196; no real customer data.,1,1,100446
500196,PAYMENT,2026-07-28 22:08:14,Synthetic feedback message 197; no real customer data.,2,0,100447
500197,CLAIM,2022-10-07 10:20:25,Synthetic feedback message 198; no real customer data.,3,1,100448
500198,APPLICATION,2024-06-23 10:09:00,Synthetic feedback message 199; no real customer data.,4,1,100449
500199,PORTAL,2022-04-01 21:50:33,Synthetic feedback message 200; no real customer data.,5,1,100450
500200,SERVICE,2025-12-22 17:26:38,Synthetic feedback message 201; no real customer data.,1,0,100451
500201,PAYMENT,2025-12-21 11:10:44,Synthetic feedback message 202; no real customer data.,2,1,100452
500202,CLAIM,2024-08-16 14:03:45,Synthetic feedback message 203; no real customer data.,3,1,100453
500203,APPLICATION,2023-09-02 18:41:14,Synthetic feedback message 204; no real customer data.,4,1,100454
500204,PORTAL,2026-05-23 13:28:37,Synthetic feedback message 205; no real customer data.,5,0,100455
500205,SERVICE,2025-09-17 05:26:45,Synthetic feedback message 206; no real customer data.,1,1,100456
500206,PAYMENT,2022-05-06 13:19:21,Synthetic feedback message 207; no real customer data.,2,1,100457
500207,CLAIM,2022-01-31 05:01:49,Synthetic feedback message 208; no real customer data.,3,1,100458
500208,APPLICATION,2026-04-23 14:11:53,Synthetic feedback message 209; no real customer data.,4,0,100459
500209,PORTAL,2025-11-22 18:14:38,Synthetic feedback message 210; no real customer data.,5,1,100460
500210,SERVICE,2023-09-23 04:43:00,Synthetic feedback message 211; no real customer data.,1,1,100461
500211,PAYMENT,2022-02-03 06:41:28,Synthetic feedback message 212; no real customer data.,2,1,100462
500212,CLAIM,2024-03-18 13:58:33,Synthetic feedback message 213; no real customer data.,3,0,100463
500213,APPLICATION,2025-02-15 14:24:03,Synthetic feedback message 214; no real customer data.,4,1,100464
500214,PORTAL,2025-10-17 14:18:21,Synthetic feedback message 215; no real customer data.,5,1,100465
500215,SERVICE,2023-02-23 07:27:14,Synthetic feedback message 216; no real customer data.,1,1,100466
500216,PAYMENT,2023-08-06 16:11:32,Synthetic feedback message 217; no real customer data.,2,0,100467
500217,CLAIM,2023-06-23 22:51:55,Synthetic feedback message 218; no real customer data.,3,1,100468
500218,APPLICATION,2024-05-11 19:35:56,Synthetic feedback message 219; no real customer data.,4,1,100469
500219,PORTAL,2023-01-12 06:39:33,Synthetic feedback message 220; no real customer data.,5,1,100470
500220,SERVICE,2024-09-27 11:14:36,Synthetic feedback message 221; no real customer data.,1,0,100471
500221,PAYMENT,2025-06-24 08:14:35,Synthetic feedback message 222; no real customer data.,2,1,100472
500222,CLAIM,2023-04-13 12:26:32,Synthetic feedback message 223; no real customer data.,3,1,100473
500223,APPLICATION,2023-03-12 02:10:16,Synthetic feedback message 224; no real customer data.,4,1,100474
500224,PORTAL,2026-04-29 14:12:00,Synthetic feedback message 225; no real customer data.,5,0,100475
500225,SERVICE,2024-01-28 23:45:05,Synthetic feedback message 226; no real customer data.,1,1,100476
500226,PAYMENT,2023-02-15 22:51:10,Synthetic feedback message 227; no real customer data.,2,1,100477
500227,CLAIM,2022-09-03 12:28:21,Synthetic feedback message 228; no real customer data.,3,1,100478
500228,APPLICATION,2022-09-06 19:35:34,Synthetic feedback message 229; no real customer data.,4,0,100479
500229,PORTAL,2021-12-20 19:27:06,Synthetic feedback message 230; no real customer data.,5,1,100480
500230,SERVICE,2022-05-06 07:00:05,Synthetic feedback message 231; no real customer data.,1,1,100481
500231,PAYMENT,2026-08-03 11:12:32,Synthetic feedback message 232; no real customer data.,2,1,100482
500232,CLAIM,2023-05-02 23:34:39,Synthetic feedback message 233; no real customer data.,3,0,100483
500233,APPLICATION,2024-09-30 04:27:41,Synthetic feedback message 234; no real customer data.,4,1,100484
500234,PORTAL,2025-09-11 12:50:10,Synthetic feedback message 235; no real customer data.,5,1,100485
500235,SERVICE,2026-01-27 22:35:29,Synthetic feedback message 236; no real customer data.,1,1,100486
500236,PAYMENT,2024-01-12 12:34:51,Synthetic feedback message 237; no real customer data.,2,0,100487
500237,CLAIM,2022-11-15 16:33:49,Synthetic feedback message 238; no real customer data.,3,1,100488
500238,APPLICATION,2022-01-25 02:48:27,Synthetic feedback message 239; no real customer data.,4,1,100489
500239,PORTAL,2022-07-30 04:12:30,Synthetic feedback message 240; no real customer data.,5,1,100490
500240,SERVICE,2021-10-31 21:22:16,Synthetic feedback message 241; no real customer data.,1,0,100491
500241,PAYMENT,2022-11-16 17:09:15,Synthetic feedback message 242; no real customer data.,2,1,100492
500242,CLAIM,2022-06-20 18:58:40,Synthetic feedback message 243; no real customer data.,3,1,100493
500243,APPLICATION,2025-09-28 07:01:05,Synthetic feedback message 244; no real customer data.,4,1,100494
500244,PORTAL,2024-03-28 02:22:49,Synthetic feedback message 245; no real customer data.,5,0,100495
500245,SERVICE,2026-06-22 20:45:40,Synthetic feedback message 246; no real customer data.,1,1,100496
500246,PAYMENT,2024-07-07 08:07:23,Synthetic feedback message 247; no real customer data.,2,1,100497
500247,CLAIM,2023-07-04 16:45:14,Synthetic feedback message 248; no real customer data.,3,1,100498
500248,APPLICATION,2026-08-19 21:55:19,Synthetic feedback message 249; no real customer data.,4,0,100499
500249,PORTAL,2024-05-20 07:30:52,Synthetic feedback message 250; no real customer data.,5,1,100500
500250,SERVICE,2022-04-09 16:02:08,Synthetic feedback message 251; no real customer data.,1,1,100501
500251,PAYMENT,2025-11-05 12:27:38,Synthetic feedback message 252; no real customer data.,2,1,100502
500252,CLAIM,2025-09-03 01:16:17,Synthetic feedback message 253; no real customer data.,3,0,100503
500253,APPLICATION,2025-05-04 15:22:17,Synthetic feedback message 254; no real customer data.,4,1,100504
500254,PORTAL,2022-11-02 18:21:19,Synthetic feedback message 255; no real customer data.,5,1,100505
500255,SERVICE,2025-01-28 23:37:36,Synthetic feedback message 256; no real customer data.,1,1,100506
500256,PAYMENT,2022-11-04 13:27:48,Synthetic feedback message 257; no real customer data.,2,0,100507
500257,CLAIM,2024-12-14 01:20:44,Synthetic feedback message 258; no real customer data.,3,1,100508
500258,APPLICATION,2025-06-01 12:35:34,Synthetic feedback message 259; no real customer data.,4,1,100509
500259,PORTAL,2025-02-19 14:36:57,Synthetic feedback message 260; no real customer data.,5,1,100510
500260,SERVICE,2022-10-20 18:06:48,Synthetic feedback message 261; no real customer data.,1,0,100511
500261,PAYMENT,2024-02-18 01:44:52,Synthetic feedback message 262; no real customer data.,2,1,100512
500262,CLAIM,2022-07-12 18:13:26,Synthetic feedback message 263; no real customer data.,3,1,100513
500263,APPLICATION,2023-12-18 09:08:09,Synthetic feedback message 264; no real customer data.,4,1,100514
500264,PORTAL,2025-08-22 05:23:24,Synthetic feedback message 265; no real customer data.,5,0,100515
500265,SERVICE,2022-04-24 13:24:29,Synthetic feedback message 266; no real customer data.,1,1,100516
500266,PAYMENT,2025-04-16 06:04:34,Synthetic feedback message 267; no real customer data.,2,1,100517
500267,CLAIM,2023-07-24 05:04:33,Synthetic feedback message 268; no real customer data.,3,1,100518
500268,APPLICATION,2025-03-09 15:37:39,Synthetic feedback message 269; no real customer data.,4,0,100519
500269,PORTAL,2025-07-11 10:26:06,Synthetic feedback message 270; no real customer data.,5,1,100520
500270,SERVICE,2023-11-20 16:50:58,Synthetic feedback message 271; no real customer data.,1,1,100521
500271,PAYMENT,2025-03-10 22:10:04,Synthetic feedback message 272; no real customer data.,2,1,100522
500272,CLAIM,2025-03-25 08:00:07,Synthetic feedback message 273; no real customer data.,3,0,100523
500273,APPLICATION,2025-08-10 16:57:41,Synthetic feedback message 274; no real customer data.,4,1,100524
500274,PORTAL,2023-07-20 23:35:43,Synthetic feedback message 275; no real customer data.,5,1,100525
500275,SERVICE,2022-12-04 23:59:05,Synthetic feedback message 276; no real customer data.,1,1,100526
500276,PAYMENT,2026-05-17 22:45:49,Synthetic feedback message 277; no real customer data.,2,0,100527
500277,CLAIM,2024-05-26 12:42:31,Synthetic feedback message 278; no real customer data.,3,1,100528
500278,APPLICATION,2021-09-21 14:35:44,Synthetic feedback message 279; no real customer data.,4,1,100529
500279,PORTAL,2025-11-01 06:33:23,Synthetic feedback message 280; no real customer data.,5,1,100530
500280,SERVICE,2024-11-14 08:01:01,Synthetic feedback message 281; no real customer data.,1,0,100531
500281,PAYMENT,2026-02-27 22:57:04,Synthetic feedback message 282; no real customer data.,2,1,100532
500282,CLAIM,2025-07-12 12:07:05,Synthetic feedback message 283; no real customer data.,3,1,100533
500283,APPLICATION,2025-05-13 02:15:24,Synthetic feedback message 284; no real customer data.,4,1,100534
500284,PORTAL,2026-04-09 18:14:04,Synthetic feedback message 285; no real customer data.,5,0,100535
500285,SERVICE,2022-02-27 21:41:19,Synthetic feedback message 286; no real customer data.,1,1,100536
500286,PAYMENT,2025-02-24 22:58:49,Synthetic feedback message 287; no real customer data.,2,1,100537
500287,CLAIM,2024-12-30 06:37:54,Synthetic feedback message 288; no real customer data.,3,1,100538
500288,APPLICATION,2022-02-14 06:32:14,Synthetic feedback message 289; no real customer data.,4,0,100539
500289,PORTAL,2022-08-25 01:50:49,Synthetic feedback message 290; no real customer data.,5,1,100540
500290,SERVICE,2023-04-01 12:02:02,Synthetic feedback message 291; no real customer data.,1,1,100541
500291,PAYMENT,2024-05-25 14:30:01,Synthetic feedback message 292; no real customer data.,2,1,100542
500292,CLAIM,2023-01-04 15:32:16,Synthetic feedback message 293; no real customer data.,3,0,100543
500293,APPLICATION,2026-01-28 14:33:44,Synthetic feedback message 294; no real customer data.,4,1,100544
500294,PORTAL,2022-02-05 19:06:44,Synthetic feedback message 295; no real customer data.,5,1,100545
500295,SERVICE,2026-04-12 18:58:32,Synthetic feedback message 296; no real customer data.,1,1,100546
500296,PAYMENT,2026-03-24 12:39:34,Synthetic feedback message 297; no real customer data.,2,0,100547
500297,CLAIM,2024-02-28 19:19:56,Synthetic feedback message 298; no real customer data.,3,1,100548
500298,APPLICATION,2025-04-15 03:53:28,Synthetic feedback message 299; no real customer data.,4,1,100549
500299,PORTAL,2022-08-24 07:27:23,Synthetic feedback message 300; no real customer data.,5,1,100550
500300,SERVICE,2025-03-22 12:04:11,Synthetic feedback message 301; no real customer data.,1,0,100551
500301,PAYMENT,2024-04-30 04:43:49,Synthetic feedback message 302; no real customer data.,2,1,100552
500302,CLAIM,2025-06-15 22:17:18,Synthetic feedback message 303; no real customer data.,3,1,100553
500303,APPLICATION,2022-07-15 10:17:14,Synthetic feedback message 304; no real customer data.,4,1,100554
500304,PORTAL,2026-02-13 23:51:57,Synthetic feedback message 305; no real customer data.,5,0,100555
500305,SERVICE,2025-11-26 02:52:34,Synthetic feedback message 306; no real customer data.,1,1,100556
500306,PAYMENT,2023-09-15 06:40:33,Synthetic feedback message 307; no real customer data.,2,1,100557
500307,CLAIM,2022-12-13 21:25:44,Synthetic feedback message 308; no real customer data.,3,1,100558
500308,APPLICATION,2024-01-15 21:21:30,Synthetic feedback message 309; no real customer data.,4,0,100559
500309,PORTAL,2021-11-17 13:03:56,Synthetic feedback message 310; no real customer data.,5,1,100560
500310,SERVICE,2021-12-08 09:28:07,Synthetic feedback message 311; no real customer data.,1,1,100561
500311,PAYMENT,2026-07-07 07:26:39,Synthetic feedback message 312; no real customer data.,2,1,100562
500312,CLAIM,2024-08-20 11:07:18,Synthetic feedback message 313; no real customer data.,3,0,100563
500313,APPLICATION,2022-07-30 10:48:59,Synthetic feedback message 314; no real customer data.,4,1,100564
500314,PORTAL,2023-09-17 10:48:22,Synthetic feedback message 315; no real customer data.,5,1,100565
500315,SERVICE,2022-05-23 15:56:40,Synthetic feedback message 316; no real customer data.,1,1,100566
500316,PAYMENT,2024-07-26 06:39:14,Synthetic feedback message 317; no real customer data.,2,0,100567
500317,CLAIM,2025-07-21 03:58:38,Synthetic feedback message 318; no real customer data.,3,1,100568
500318,APPLICATION,2024-06-03 08:31:01,Synthetic feedback message 319; no real customer data.,4,1,100569
500319,PORTAL,2025-01-01 10:35:25,Synthetic feedback message 320; no real customer data.,5,1,100570
500320,SERVICE,2023-03-22 12:16:53,Synthetic feedback message 321; no real customer data.,1,0,100571
500321,PAYMENT,2024-08-31 07:35:30,Synthetic feedback message 322; no real customer data.,2,1,100572
500322,CLAIM,2024-11-08 19:50:10,Synthetic feedback message 323; no real customer data.,3,1,100573
500323,APPLICATION,2024-12-02 11:06:40,Synthetic feedback message 324; no real customer data.,4,1,100574
500324,PORTAL,2022-11-11 11:01:40,Synthetic feedback message 325; no real customer data.,5,0,100575
500325,SERVICE,2022-08-23 16:50:09,Synthetic feedback message 326; no real customer data.,1,1,100576
500326,PAYMENT,2023-10-11 00:45:17,Synthetic feedback message 327; no real customer data.,2,1,100577
500327,CLAIM,2024-09-21 13:51:10,Synthetic feedback message 328; no real customer data.,3,1,100578
500328,APPLICATION,2024-11-12 16:27:21,Synthetic feedback message 329; no real customer data.,4,0,100579
500329,PORTAL,2025-11-15 00:01:50,Synthetic feedback message 330; no real customer data.,5,1,100580
500330,SERVICE,2023-11-01 18:30:12,Synthetic feedback message 331; no real customer data.,1,1,100581
500331,PAYMENT,2025-01-01 22:07:12,Synthetic feedback message 332; no real customer data.,2,1,100582
500332,CLAIM,2022-11-17 20:19:50,Synthetic feedback message 333; no real customer data.,3,0,100583
500333,APPLICATION,2026-06-03 14:49:09,Synthetic feedback message 334; no real customer data.,4,1,100584
500334,PORTAL,2025-06-21 06:49:11,Synthetic feedback message 335; no real customer data.,5,1,100585
500335,SERVICE,2024-02-16 23:16:10,Synthetic feedback message 336; no real customer data.,1,1,100586
500336,PAYMENT,2023-05-05 04:42:00,Synthetic feedback message 337; no real customer data.,2,0,100587
500337,CLAIM,2024-10-19 03:06:40,Synthetic feedback message 338; no real customer data.,3,1,100588
500338,APPLICATION,2022-08-21 23:48:29,Synthetic feedback message 339; no real customer data.,4,1,100589
500339,PORTAL,2024-05-07 16:08:18,Synthetic feedback message 340; no real customer data.,5,1,100590
500340,SERVICE,2024-10-18 07:01:56,Synthetic feedback message 341; no real customer data.,1,0,100591
500341,PAYMENT,2026-02-10 21:21:01,Synthetic feedback message 342; no real customer data.,2,1,100592
500342,CLAIM,2026-06-27 18:50:17,Synthetic feedback message 343; no real customer data.,3,1,100593
500343,APPLICATION,2023-05-09 00:56:11,Synthetic feedback message 344; no real customer data.,4,1,100594
500344,PORTAL,2024-08-18 13:57:57,Synthetic feedback message 345; no real customer data.,5,0,100595
500345,SERVICE,2021-12-04 22:09:10,Synthetic feedback message 346; no real customer data.,1,1,100596
500346,PAYMENT,2024-03-24 07:09:05,Synthetic feedback message 347; no real customer data.,2,1,100597
500347,CLAIM,2025-05-19 02:22:49,Synthetic feedback message 348; no real customer data.,3,1,100598
500348,APPLICATION,2022-05-13 13:25:21,Synthetic feedback message 349; no real customer data.,4,0,100599
500349,PORTAL,2024-08-02 19:53:20,Synthetic feedback message 350; no real customer data.,5,1,100600
500350,SERVICE,2025-09-09 15:41:14,Synthetic feedback message 351; no real customer data.,1,1,100601
500351,PAYMENT,2025-11-14 18:45:32,Synthetic feedback message 352; no real customer data.,2,1,100602
500352,CLAIM,2026-02-18 18:23:08,Synthetic feedback message 353; no real customer data.,3,0,100603
500353,APPLICATION,2025-04-10 00:37:57,Synthetic feedback message 354; no real customer data.,4,1,100604
500354,PORTAL,2026-01-23 05:49:44,Synthetic feedback message 355; no real customer data.,5,1,100605
500355,SERVICE,2022-08-08 22:20:33,Synthetic feedback message 356; no real customer data.,1,1,100606
500356,PAYMENT,2023-02-03 23:34:18,Synthetic feedback message 357; no real customer data.,2,0,100607
500357,CLAIM,2024-07-15 18:01:38,Synthetic feedback message 358; no real customer data.,3,1,100608
500358,APPLICATION,2024-03-31 18:03:11,Synthetic feedback message 359; no real customer data.,4,1,100609
500359,PORTAL,2026-03-04 15:02:03,Synthetic feedback message 360; no real customer data.,5,1,100610
500360,SERVICE,2025-11-05 13:07:54,Synthetic feedback message 361; no real customer data.,1,0,100611
500361,PAYMENT,2022-01-06 04:22:09,Synthetic feedback message 362; no real customer data.,2,1,100612
500362,CLAIM,2024-11-24 20:59:15,Synthetic feedback message 363; no real customer data.,3,1,100613
500363,APPLICATION,2022-11-20 09:50:37,Synthetic feedback message 364; no real customer data.,4,1,100614
500364,PORTAL,2023-11-04 01:31:10,Synthetic feedback message 365; no real customer data.,5,0,100615
500365,SERVICE,2021-12-25 11:41:33,Synthetic feedback message 366; no real customer data.,1,1,100616
500366,PAYMENT,2023-04-01 04:53:58,Synthetic feedback message 367; no real customer data.,2,1,100617
500367,CLAIM,2023-09-06 23:18:35,Synthetic feedback message 368; no real customer data.,3,1,100618
500368,APPLICATION,2026-04-07 21:38:26,Synthetic feedback message 369; no real customer data.,4,0,100619
500369,PORTAL,2022-12-22 13:40:05,Synthetic feedback message 370; no real customer data.,5,1,100620
500370,SERVICE,2024-07-07 20:21:21,Synthetic feedback message 371; no real customer data.,1,1,100621
500371,PAYMENT,2022-06-24 17:03:23,Synthetic feedback message 372; no real customer data.,2,1,100622
500372,CLAIM,2023-07-24 09:21:23,Synthetic feedback message 373; no real customer data.,3,0,100623
500373,APPLICATION,2021-11-06 10:27:34,Synthetic feedback message 374; no real customer data.,4,1,100624
500374,PORTAL,2024-02-17 04:02:14,Synthetic feedback message 375; no real customer data.,5,1,100625
500375,SERVICE,2024-04-24 20:27:48,Synthetic feedback message 376; no real customer data.,1,1,100626
500376,PAYMENT,2024-04-26 04:57:36,Synthetic feedback message 377; no real customer data.,2,0,100627
500377,CLAIM,2023-05-07 23:13:31,Synthetic feedback message 378; no real customer data.,3,1,100628
500378,APPLICATION,2025-12-10 03:48:36,Synthetic feedback message 379; no real customer data.,4,1,100629
500379,PORTAL,2025-03-23 16:15:00,Synthetic feedback message 380; no real customer data.,5,1,100630
500380,SERVICE,2025-10-09 02:31:03,Synthetic feedback message 381; no real customer data.,1,0,100631
500381,PAYMENT,2025-05-21 19:26:36,Synthetic feedback message 382; no real customer data.,2,1,100632
500382,CLAIM,2023-08-19 07:47:07,Synthetic feedback message 383; no real customer data.,3,1,100633
500383,APPLICATION,2022-03-19 10:14:22,Synthetic feedback message 384; no real customer data.,4,1,100634
500384,PORTAL,2023-09-06 22:54:02,Synthetic feedback message 385; no real customer data.,5,0,100635
500385,SERVICE,2026-08-07 06:41:37,Synthetic feedback message 386; no real customer data.,1,1,100636
500386,PAYMENT,2026-07-03 03:06:24,Synthetic feedback message 387; no real customer data.,2,1,100637
500387,CLAIM,2026-08-31 14:59:37,Synthetic feedback message 388; no real customer data.,3,1,100638
500388,APPLICATION,2021-09-17 22:45:40,Synthetic feedback message 389; no real customer data.,4,0,100639
500389,PORTAL,2024-09-10 08:53:03,Synthetic feedback message 390; no real customer data.,5,1,100640
500390,SERVICE,2023-07-22 17:55:36,Synthetic feedback message 391; no real customer data.,1,1,100641
500391,PAYMENT,2024-03-16 20:55:16,Synthetic feedback message 392; no real customer data.,2,1,100642
500392,CLAIM,2025-11-25 13:47:19,Synthetic feedback message 393; no real customer data.,3,0,100643
500393,APPLICATION,2023-08-30 09:53:56,Synthetic feedback message 394; no real customer data.,4,1,100644
500394,PORTAL,2026-08-23 18:11:03,Synthetic feedback message 395; no real customer data.,5,1,100645
500395,SERVICE,2025-10-08 00:49:09,Synthetic feedback message 396; no real customer data.,1,1,100646
500396,PAYMENT,2023-05-31 14:49:26,Synthetic feedback message 397; no real customer data.,2,0,100647
500397,CLAIM,2025-07-23 09:00:22,Synthetic feedback message 398; no real customer data.,3,1,100648
500398,APPLICATION,2022-09-04 01:07:57,Synthetic feedback message 399; no real customer data.,4,1,100649
500399,PORTAL,2022-04-05 21:09:42,Synthetic feedback message 400; no real customer data.,5,1,100650
500400,SERVICE,2025-03-02 18:50:51,Synthetic feedback message 401; no real customer data.,1,0,100651
500401,PAYMENT,2026-05-09 13:47:44,Synthetic feedback message 402; no real customer data.,2,1,100652
500402,CLAIM,2026-04-28 00:58:30,Synthetic feedback message 403; no real customer data.,3,1,100653
500403,APPLICATION,2025-09-06 16:21:40,Synthetic feedback message 404; no real customer data.,4,1,100654
500404,PORTAL,2024-11-23 01:28:47,Synthetic feedback message 405; no real customer data.,5,0,100655
500405,SERVICE,2024-05-29 05:35:25,Synthetic feedback message 406; no real customer data.,1,1,100656
500406,PAYMENT,2022-05-01 02:30:35,Synthetic feedback message 407; no real customer data.,2,1,100657
500407,CLAIM,2022-12-17 16:45:51,Synthetic feedback message 408; no real customer data.,3,1,100658
500408,APPLICATION,2023-12-14 22:22:15,Synthetic feedback message 409; no real customer data.,4,0,100659
500409,PORTAL,2023-01-15 07:33:06,Synthetic feedback message 410; no real customer data.,5,1,100660
500410,SERVICE,2025-11-11 09:02:51,Synthetic feedback message 411; no real customer data.,1,1,100661
500411,PAYMENT,2023-12-21 14:12:08,Synthetic feedback message 412; no real customer data.,2,1,100662
500412,CLAIM,2025-04-08 10:38:36,Synthetic feedback message 413; no real customer data.,3,0,100663
500413,APPLICATION,2021-09-14 15:27:28,Synthetic feedback message 414; no real customer data.,4,1,100664
500414,PORTAL,2025-02-10 22:40:55,Synthetic feedback message 415; no real customer data.,5,1,100665
500415,SERVICE,2022-07-31 18:42:21,Synthetic feedback message 416; no real customer data.,1,1,100666
500416,PAYMENT,2023-01-04 07:30:42,Synthetic feedback message 417; no real customer data.,2,0,100667
500417,CLAIM,2021-12-13 00:26:14,Synthetic feedback message 418; no real customer data.,3,1,100668
500418,APPLICATION,2022-01-15 05:02:50,Synthetic feedback message 419; no real customer data.,4,1,100669
500419,PORTAL,2026-07-13 01:41:48,Synthetic feedback message 420; no real customer data.,5,1,100670
500420,SERVICE,2026-06-12 20:09:45,Synthetic feedback message 421; no real customer data.,1,0,100671
500421,PAYMENT,2025-12-17 17:58:12,Synthetic feedback message 422; no real customer data.,2,1,100672
500422,CLAIM,2024-03-01 03:04:18,Synthetic feedback message 423; no real customer data.,3,1,100673
500423,APPLICATION,2026-05-14 15:30:52,Synthetic feedback message 424; no real customer data.,4,1,100674
500424,PORTAL,2022-02-08 15:55:41,Synthetic feedback message 425; no real customer data.,5,0,100675
500425,SERVICE,2025-09-07 23:50:00,Synthetic feedback message 426; no real customer data.,1,1,100676
500426,PAYMENT,2024-05-23 03:51:33,Synthetic feedback message 427; no real customer data.,2,1,100677
500427,CLAIM,2024-10-17 05:14:41,Synthetic feedback message 428; no real customer data.,3,1,100678
500428,APPLICATION,2022-05-15 06:22:20,Synthetic feedback message 429; no real customer data.,4,0,100679
500429,PORTAL,2025-11-22 07:28:46,Synthetic feedback message 430; no real customer data.,5,1,100680
500430,SERVICE,2023-03-24 05:33:13,Synthetic feedback message 431; no real customer data.,1,1,100681
500431,PAYMENT,2024-04-08 22:31:55,Synthetic feedback message 432; no real customer data.,2,1,100682
500432,CLAIM,2024-04-11 01:08:31,Synthetic feedback message 433; no real customer data.,3,0,100683
500433,APPLICATION,2024-01-19 09:49:09,Synthetic feedback message 434; no real customer data.,4,1,100684
500434,PORTAL,2026-03-16 00:16:25,Synthetic feedback message 435; no real customer data.,5,1,100685
500435,SERVICE,2026-01-02 18:59:42,Synthetic feedback message 436; no real customer data.,1,1,100686
500436,PAYMENT,2021-11-11 04:13:09,Synthetic feedback message 437; no real customer data.,2,0,100687
500437,CLAIM,2022-03-05 10:04:52,Synthetic feedback message 438; no real customer data.,3,1,100688
500438,APPLICATION,2024-11-07 08:54:11,Synthetic feedback message 439; no real customer data.,4,1,100689
500439,PORTAL,2024-01-12 18:08:34,Synthetic feedback message 440; no real customer data.,5,1,100690
500440,SERVICE,2021-12-02 23:25:36,Synthetic feedback message 441; no real customer data.,1,0,100691
500441,PAYMENT,2024-02-21 04:49:20,Synthetic feedback message 442; no real customer data.,2,1,100692
500442,CLAIM,2025-08-11 19:09:18,Synthetic feedback message 443; no real customer data.,3,1,100693
500443,APPLICATION,2024-06-13 23:41:04,Synthetic feedback message 444; no real customer data.,4,1,100694
500444,PORTAL,2021-10-13 00:19:43,Synthetic feedback message 445; no real customer data.,5,0,100695
500445,SERVICE,2022-08-21 02:56:58,Synthetic feedback message 446; no real customer data.,1,1,100696
500446,PAYMENT,2022-10-27 14:32:38,Synthetic feedback message 447; no real customer data.,2,1,100697
500447,CLAIM,2022-09-16 03:22:08,Synthetic feedback message 448; no real customer data.,3,1,100698
500448,APPLICATION,2026-08-29 01:47:34,Synthetic feedback message 449; no real customer data.,4,0,100699
500449,PORTAL,2025-12-21 02:31:57,Synthetic feedback message 450; no real customer data.,5,1,100700
500450,SERVICE,2022-01-23 04:35:29,Synthetic feedback message 451; no real customer data.,1,1,100701
500451,PAYMENT,2025-09-30 20:18:15,Synthetic feedback message 452; no real customer data.,2,1,100702
500452,CLAIM,2025-02-19 05:57:37,Synthetic feedback message 453; no real customer data.,3,0,100703
500453,APPLICATION,2024-11-22 01:25:51,Synthetic feedback message 454; no real customer data.,4,1,100704
500454,PORTAL,2022-03-10 04:47:35,Synthetic feedback message 455; no real customer data.,5,1,100705
500455,SERVICE,2024-04-11 01:07:53,Synthetic feedback message 456; no real customer data.,1,1,100706
500456,PAYMENT,2022-12-31 18:59:11,Synthetic feedback message 457; no real customer data.,2,0,100707
500457,CLAIM,2022-12-02 16:40:02,Synthetic feedback message 458; no real customer data.,3,1,100708
500458,APPLICATION,2021-10-19 08:07:17,Synthetic feedback message 459; no real customer data.,4,1,100709
500459,PORTAL,2023-06-14 05:33:38,Synthetic feedback message 460; no real customer data.,5,1,100710
500460,SERVICE,2026-02-11 15:28:42,Synthetic feedback message 461; no real customer data.,1,0,100711
500461,PAYMENT,2022-08-31 13:48:23,Synthetic feedback message 462; no real customer data.,2,1,100712
500462,CLAIM,2022-02-13 12:39:37,Synthetic feedback message 463; no real customer data.,3,1,100713
500463,APPLICATION,2026-05-01 12:16:05,Synthetic feedback message 464; no real customer data.,4,1,100714
500464,PORTAL,2024-02-28 22:03:58,Synthetic feedback message 465; no real customer data.,5,0,100715
500465,SERVICE,2025-03-24 02:27:45,Synthetic feedback message 466; no real customer data.,1,1,100716
500466,PAYMENT,2022-09-12 15:24:15,Synthetic feedback message 467; no real customer data.,2,1,100717
500467,CLAIM,2022-12-11 03:11:14,Synthetic feedback message 468; no real customer data.,3,1,100718
500468,APPLICATION,2022-10-16 11:28:37,Synthetic feedback message 469; no real customer data.,4,0,100719
500469,PORTAL,2024-01-26 06:36:34,Synthetic feedback message 470; no real customer data.,5,1,100720
500470,SERVICE,2026-08-08 13:38:53,Synthetic feedback message 471; no real customer data.,1,1,100721
500471,PAYMENT,2024-10-02 11:14:56,Synthetic feedback message 472; no real customer data.,2,1,100722
500472,CLAIM,2021-12-15 00:34:17,Synthetic feedback message 473; no real customer data.,3,0,100723
500473,APPLICATION,2023-09-18 13:06:57,Synthetic feedback message 474; no real customer data.,4,1,100724
500474,PORTAL,2021-10-03 03:15:37,Synthetic feedback message 475; no real customer data.,5,1,100725
500475,SERVICE,2024-08-13 07:45:30,Synthetic feedback message 476; no real customer data.,1,1,100726
500476,PAYMENT,2023-11-16 10:36:26,Synthetic feedback message 477; no real customer data.,2,0,100727
500477,CLAIM,2022-07-04 20:41:57,Synthetic feedback message 478; no real customer data.,3,1,100728
500478,APPLICATION,2024-09-13 03:42:15,Synthetic feedback message 479; no real customer data.,4,1,100729
500479,PORTAL,2021-09-11 20:25:08,Synthetic feedback message 480; no real customer data.,5,1,100730
500480,SERVICE,2021-10-01 19:38:52,Synthetic feedback message 481; no real customer data.,1,0,100731
500481,PAYMENT,2025-10-29 04:26:54,Synthetic feedback message 482; no real customer data.,2,1,100732
500482,CLAIM,2022-02-18 01:27:29,Synthetic feedback message 483; no real customer data.,3,1,100733
500483,APPLICATION,2024-07-21 08:15:52,Synthetic feedback message 484; no real customer data.,4,1,100734
500484,PORTAL,2024-09-24 01:56:25,Synthetic feedback message 485; no real customer data.,5,0,100735
500485,SERVICE,2025-10-06 09:47:45,Synthetic feedback message 486; no real customer data.,1,1,100736
500486,PAYMENT,2022-11-02 15:30:31,Synthetic feedback message 487; no real customer data.,2,1,100737
500487,CLAIM,2024-01-24 20:07:18,Synthetic feedback message 488; no real customer data.,3,1,100738
500488,APPLICATION,2026-05-05 08:28:23,Synthetic feedback message 489; no real customer data.,4,0,100739
500489,PORTAL,2024-02-21 15:49:11,Synthetic feedback message 490; no real customer data.,5,1,100740
500490,SERVICE,2026-01-08 20:22:02,Synthetic feedback message 491; no real customer data.,1,1,100741
500491,PAYMENT,2024-05-07 01:12:21,Synthetic feedback message 492; no real customer data.,2,1,100742
500492,CLAIM,2026-08-08 10:09:16,Synthetic feedback message 493; no real customer data.,3,0,100743
500493,APPLICATION,2024-07-22 09:34:16,Synthetic feedback message 494; no real customer data.,4,1,100744
500494,PORTAL,2022-07-30 09:37:34,Synthetic feedback message 495; no real customer data.,5,1,100745
500495,SERVICE,2026-04-19 03:06:09,Synthetic feedback message 496; no real customer data.,1,1,100746
500496,PAYMENT,2025-05-16 14:24:06,Synthetic feedback message 497; no real customer data.,2,0,100747
500497,CLAIM,2024-06-09 10:16:12,Synthetic feedback message 498; no real customer data.,3,1,100748
500498,APPLICATION,2025-04-21 03:47:02,Synthetic feedback message 499; no real customer data.,4,1,100749
500499,PORTAL,2022-02-07 18:28:40,Synthetic feedback message 500; no real customer data.,5,1,100750
500500,SERVICE,2026-03-02 02:49:06,Synthetic feedback message 501; no real customer data.,1,0,100751
500501,PAYMENT,2023-01-18 00:52:55,Synthetic feedback message 502; no real customer data.,2,1,100752
500502,CLAIM,2023-02-08 00:31:01,Synthetic feedback message 503; no real customer data.,3,1,100753
500503,APPLICATION,2022-05-31 09:36:33,Synthetic feedback message 504; no real customer data.,4,1,100754
500504,PORTAL,2024-04-15 07:32:27,Synthetic feedback message 505; no real customer data.,5,0,100755
500505,SERVICE,2023-01-29 12:07:04,Synthetic feedback message 506; no real customer data.,1,1,100756
500506,PAYMENT,2023-11-19 21:12:47,Synthetic feedback message 507; no real customer data.,2,1,100757
500507,CLAIM,2021-10-22 17:04:02,Synthetic feedback message 508; no real customer data.,3,1,100758
500508,APPLICATION,2022-07-29 01:05:32,Synthetic feedback message 509; no real customer data.,4,0,100759
500509,PORTAL,2026-04-20 17:02:07,Synthetic feedback message 510; no real customer data.,5,1,100760
500510,SERVICE,2025-12-18 05:17:44,Synthetic feedback message 511; no real customer data.,1,1,100761
500511,PAYMENT,2025-01-12 14:16:35,Synthetic feedback message 512; no real customer data.,2,1,100762
500512,CLAIM,2025-11-25 07:45:38,Synthetic feedback message 513; no real customer data.,3,0,100763
500513,APPLICATION,2024-12-06 02:04:26,Synthetic feedback message 514; no real customer data.,4,1,100764
500514,PORTAL,2026-07-01 12:04:13,Synthetic feedback message 515; no real customer data.,5,1,100765
500515,SERVICE,2024-01-10 12:50:23,Synthetic feedback message 516; no real customer data.,1,1,100766
500516,PAYMENT,2022-11-04 06:48:56,Synthetic feedback message 517; no real customer data.,2,0,100767
500517,CLAIM,2022-12-10 16:59:40,Synthetic feedback message 518; no real customer data.,3,1,100768
500518,APPLICATION,2022-07-19 23:17:12,Synthetic feedback message 519; no real customer data.,4,1,100769
500519,PORTAL,2024-01-22 14:30:36,Synthetic feedback message 520; no real customer data.,5,1,100770
500520,SERVICE,2024-12-20 07:26:02,Synthetic feedback message 521; no real customer data.,1,0,100771
500521,PAYMENT,2024-11-11 20:41:41,Synthetic feedback message 522; no real customer data.,2,1,100772
500522,CLAIM,2022-09-06 09:42:27,Synthetic feedback message 523; no real customer data.,3,1,100773
500523,APPLICATION,2023-07-01 05:48:10,Synthetic feedback message 524; no real customer data.,4,1,100774
500524,PORTAL,2023-03-11 06:55:35,Synthetic feedback message 525; no real customer data.,5,0,100775
500525,SERVICE,2023-09-08 19:53:29,Synthetic feedback message 526; no real customer data.,1,1,100776
500526,PAYMENT,2025-09-23 10:35:26,Synthetic feedback message 527; no real customer data.,2,1,100777
500527,CLAIM,2026-04-25 17:32:36,Synthetic feedback message 528; no real customer data.,3,1,100778
500528,APPLICATION,2022-01-29 19:57:59,Synthetic feedback message 529; no real customer data.,4,0,100779
500529,PORTAL,2022-02-17 16:21:27,Synthetic feedback message 530; no real customer data.,5,1,100780
500530,SERVICE,2025-08-17 20:53:26,Synthetic feedback message 531; no real customer data.,1,1,100781
500531,PAYMENT,2026-08-11 15:38:01,Synthetic feedback message 532; no real customer data.,2,1,100782
500532,CLAIM,2026-06-21 17:00:08,Synthetic feedback message 533; no real customer data.,3,0,100783
500533,APPLICATION,2022-07-03 22:22:32,Synthetic feedback message 534; no real customer data.,4,1,100784
500534,PORTAL,2025-10-03 21:16:28,Synthetic feedback message 535; no real customer data.,5,1,100785
500535,SERVICE,2026-05-30 05:33:24,Synthetic feedback message 536; no real customer data.,1,1,100786
500536,PAYMENT,2023-09-01 08:09:34,Synthetic feedback message 537; no real customer data.,2,0,100787
500537,CLAIM,2025-08-06 07:33:32,Synthetic feedback message 538; no real customer data.,3,1,100788
500538,APPLICATION,2024-02-04 05:25:52,Synthetic feedback message 539; no real customer data.,4,1,100789
500539,PORTAL,2022-03-06 12:15:08,Synthetic feedback message 540; no real customer data.,5,1,100790
500540,SERVICE,2024-07-03 01:16:05,Synthetic feedback message 541; no real customer data.,1,0,100791
500541,PAYMENT,2022-02-13 12:31:58,Synthetic feedback message 542; no real customer data.,2,1,100792
500542,CLAIM,2024-06-04 18:43:42,Synthetic feedback message 543; no real customer data.,3,1,100793
500543,APPLICATION,2024-06-13 09:37:58,Synthetic feedback message 544; no real customer data.,4,1,100794
500544,PORTAL,2023-09-03 22:39:47,Synthetic feedback message 545; no real customer data.,5,0,100795
500545,SERVICE,2026-08-24 21:57:41,Synthetic feedback message 546; no real customer data.,1,1,100796
500546,PAYMENT,2025-12-14 06:28:32,Synthetic feedback message 547; no real customer data.,2,1,100797
500547,CLAIM,2022-07-13 07:06:40,Synthetic feedback message 548; no real customer data.,3,1,100798
500548,APPLICATION,2022-05-10 23:51:09,Synthetic feedback message 549; no real customer data.,4,0,100799
500549,PORTAL,2022-09-26 20:01:26,Synthetic feedback message 550; no real customer data.,5,1,100800
500550,SERVICE,2022-01-21 00:29:43,Synthetic feedback message 551; no real customer data.,1,1,100801
500551,PAYMENT,2022-02-03 09:19:59,Synthetic feedback message 552; no real customer data.,2,1,100802
500552,CLAIM,2022-10-08 02:49:25,Synthetic feedback message 553; no real customer data.,3,0,100803
500553,APPLICATION,2025-01-01 12:01:14,Synthetic feedback message 554; no real customer data.,4,1,100804
500554,PORTAL,2023-07-15 08:43:32,Synthetic feedback message 555; no real customer data.,5,1,100805
500555,SERVICE,2022-04-13 09:39:44,Synthetic feedback message 556; no real customer data.,1,1,100806
500556,PAYMENT,2024-08-17 14:25:56,Synthetic feedback message 557; no real customer data.,2,0,100807
500557,CLAIM,2025-05-11 05:41:59,Synthetic feedback message 558; no real customer data.,3,1,100808
500558,APPLICATION,2024-04-14 00:18:57,Synthetic feedback message 559; no real customer data.,4,1,100809
500559,PORTAL,2022-11-13 00:05:14,Synthetic feedback message 560; no real customer data.,5,1,100810
500560,SERVICE,2023-12-17 11:04:45,Synthetic feedback message 561; no real customer data.,1,0,100811
500561,PAYMENT,2024-12-07 12:02:45,Synthetic feedback message 562; no real customer data.,2,1,100812
500562,CLAIM,2022-06-22 12:39:09,Synthetic feedback message 563; no real customer data.,3,1,100813
500563,APPLICATION,2024-04-12 11:40:21,Synthetic feedback message 564; no real customer data.,4,1,100814
500564,PORTAL,2022-09-09 19:09:39,Synthetic feedback message 565; no real customer data.,5,0,100815
500565,SERVICE,2025-01-23 08:42:14,Synthetic feedback message 566; no real customer data.,1,1,100816
500566,PAYMENT,2022-04-15 12:25:54,Synthetic feedback message 567; no real customer data.,2,1,100817
500567,CLAIM,2024-01-10 08:45:25,Synthetic feedback message 568; no real customer data.,3,1,100818
500568,APPLICATION,2023-11-24 09:27:45,Synthetic feedback message 569; no real customer data.,4,0,100819
500569,PORTAL,2022-02-20 17:29:15,Synthetic feedback message 570; no real customer data.,5,1,100820
500570,SERVICE,2021-12-25 04:40:51,Synthetic feedback message 571; no real customer data.,1,1,100821
500571,PAYMENT,2023-11-16 09:00:13,Synthetic feedback message 572; no real customer data.,2,1,100822
500572,CLAIM,2024-01-24 22:52:14,Synthetic feedback message 573; no real customer data.,3,0,100823
500573,APPLICATION,2023-06-06 00:29:44,Synthetic feedback message 574; no real customer data.,4,1,100824
500574,PORTAL,2025-05-09 14:19:10,Synthetic feedback message 575; no real customer data.,5,1,100825
500575,SERVICE,2023-05-18 17:44:11,Synthetic feedback message 576; no real customer data.,1,1,100826
500576,PAYMENT,2026-08-04 00:16:15,Synthetic feedback message 577; no real customer data.,2,0,100827
500577,CLAIM,2023-04-07 15:48:57,Synthetic feedback message 578; no real customer data.,3,1,100828
500578,APPLICATION,2023-12-03 07:42:42,Synthetic feedback message 579; no real customer data.,4,1,100829
500579,PORTAL,2021-12-13 17:28:56,Synthetic feedback message 580; no real customer data.,5,1,100830
500580,SERVICE,2024-09-07 09:01:19,Synthetic feedback message 581; no real customer data.,1,0,100831
500581,PAYMENT,2021-11-21 12:38:52,Synthetic feedback message 582; no real customer data.,2,1,100832
500582,CLAIM,2021-11-26 01:14:43,Synthetic feedback message 583; no real customer data.,3,1,100833
500583,APPLICATION,2024-05-07 15:54:00,Synthetic feedback message 584; no real customer data.,4,1,100834
500584,PORTAL,2023-09-18 02:21:08,Synthetic feedback message 585; no real customer data.,5,0,100835
500585,SERVICE,2024-07-30 10:25:08,Synthetic feedback message 586; no real customer data.,1,1,100836
500586,PAYMENT,2022-12-25 18:09:48,Synthetic feedback message 587; no real customer data.,2,1,100837
500587,CLAIM,2022-11-13 11:43:46,Synthetic feedback message 588; no real customer data.,3,1,100838
500588,APPLICATION,2024-09-08 16:22:07,Synthetic feedback message 589; no real customer data.,4,0,100839
500589,PORTAL,2025-06-15 00:49:11,Synthetic feedback message 590; no real customer data.,5,1,100840
500590,SERVICE,2024-08-15 05:25:19,Synthetic feedback message 591; no real customer data.,1,1,100841
500591,PAYMENT,2022-01-07 23:50:27,Synthetic feedback message 592; no real customer data.,2,1,100842
500592,CLAIM,2026-06-09 11:30:43,Synthetic feedback message 593; no real customer data.,3,0,100843
500593,APPLICATION,2023-07-07 21:41:48,Synthetic feedback message 594; no real customer data.,4,1,100844
500594,PORTAL,2025-05-30 05:09:43,Synthetic feedback message 595; no real customer data.,5,1,100845
500595,SERVICE,2022-01-16 00:34:07,Synthetic feedback message 596; no real customer data.,1,1,100846
500596,PAYMENT,2021-10-21 17:20:44,Synthetic feedback message 597; no real customer data.,2,0,100847
500597,CLAIM,2025-10-13 02:58:49,Synthetic feedback message 598; no real customer data.,3,1,100848
500598,APPLICATION,2024-12-24 19:29:33,Synthetic feedback message 599; no real customer data.,4,1,100849
500599,PORTAL,2024-06-04 18:44:35,Synthetic feedback message 600; no real customer data.,5,1,100850
500600,SERVICE,2024-02-02 12:15:14,Synthetic feedback message 601; no real customer data.,1,0,100851
500601,PAYMENT,2021-10-19 16:38:55,Synthetic feedback message 602; no real customer data.,2,1,100852
500602,CLAIM,2026-07-17 20:31:59,Synthetic feedback message 603; no real customer data.,3,1,100853
500603,APPLICATION,2021-12-07 04:24:17,Synthetic feedback message 604; no real customer data.,4,1,100854
500604,PORTAL,2023-10-05 20:41:16,Synthetic feedback message 605; no real customer data.,5,0,100855
500605,SERVICE,2024-12-15 10:55:33,Synthetic feedback message 606; no real customer data.,1,1,100856
500606,PAYMENT,2025-03-23 22:56:16,Synthetic feedback message 607; no real customer data.,2,1,100857
500607,CLAIM,2023-04-11 14:20:26,Synthetic feedback message 608; no real customer data.,3,1,100858
500608,APPLICATION,2021-12-04 10:51:10,Synthetic feedback message 609; no real customer data.,4,0,100859
500609,PORTAL,2024-09-17 16:53:17,Synthetic feedback message 610; no real customer data.,5,1,100860
500610,SERVICE,2026-01-25 16:40:42,Synthetic feedback message 611; no real customer data.,1,1,100861
500611,PAYMENT,2022-07-14 07:29:33,Synthetic feedback message 612; no real customer data.,2,1,100862
500612,CLAIM,2022-01-22 06:17:01,Synthetic feedback message 613; no real customer data.,3,0,100863
500613,APPLICATION,2025-01-29 02:50:28,Synthetic feedback message 614; no real customer data.,4,1,100864
500614,PORTAL,2023-02-24 20:58:47,Synthetic feedback message 615; no real customer data.,5,1,100865
500615,SERVICE,2023-05-17 13:18:40,Synthetic feedback message 616; no real customer data.,1,1,100866
500616,PAYMENT,2023-01-05 02:15:01,Synthetic feedback message 617; no real customer data.,2,0,100867
500617,CLAIM,2026-08-19 15:04:40,Synthetic feedback message 618; no real customer data.,3,1,100868
500618,APPLICATION,2026-07-02 08:06:00,Synthetic feedback message 619; no real customer data.,4,1,100869
500619,PORTAL,2022-09-03 00:32:41,Synthetic feedback message 620; no real customer data.,5,1,100870
500620,SERVICE,2023-03-18 17:40:54,Synthetic feedback message 621; no real customer data.,1,0,100871
500621,PAYMENT,2024-03-02 00:11:11,Synthetic feedback message 622; no real customer data.,2,1,100872
500622,CLAIM,2022-06-22 22:28:49,Synthetic feedback message 623; no real customer data.,3,1,100873
500623,APPLICATION,2025-05-25 00:37:55,Synthetic feedback message 624; no real customer data.,4,1,100874
500624,PORTAL,2024-01-18 16:57:39,Synthetic feedback message 625; no real customer data.,5,0,100875
500625,SERVICE,2026-03-10 02:16:10,Synthetic feedback message 626; no real customer data.,1,1,100876
500626,PAYMENT,2023-03-02 04:57:01,Synthetic feedback message 627; no real customer data.,2,1,100877
500627,CLAIM,2022-07-24 01:00:08,Synthetic feedback message 628; no real customer data.,3,1,100878
500628,APPLICATION,2021-11-03 21:58:18,Synthetic feedback message 629; no real customer data.,4,0,100879
500629,PORTAL,2021-11-21 22:58:38,Synthetic feedback message 630; no real customer data.,5,1,100880
500630,SERVICE,2024-01-26 21:50:49,Synthetic feedback message 631; no real customer data.,1,1,100881
500631,PAYMENT,2026-06-20 07:34:37,Synthetic feedback message 632; no real customer data.,2,1,100882
500632,CLAIM,2023-11-05 01:50:08,Synthetic feedback message 633; no real customer data.,3,0,100883
500633,APPLICATION,2024-09-19 01:09:58,Synthetic feedback message 634; no real customer data.,4,1,100884
500634,PORTAL,2022-07-25 16:11:13,Synthetic feedback message 635; no real customer data.,5,1,100885
500635,SERVICE,2024-05-22 16:46:20,Synthetic feedback message 636; no real customer data.,1,1,100886
500636,PAYMENT,2025-04-26 00:08:16,Synthetic feedback message 637; no real customer data.,2,0,100887
500637,CLAIM,2022-02-26 19:37:48,Synthetic feedback message 638; no real customer data.,3,1,100888
500638,APPLICATION,2025-10-28 18:04:29,Synthetic feedback message 639; no real customer data.,4,1,100889
500639,PORTAL,2022-09-27 19:47:45,Synthetic feedback message 640; no real customer data.,5,1,100890
500640,SERVICE,2025-09-22 02:21:20,Synthetic feedback message 641; no real customer data.,1,0,100891
500641,PAYMENT,2023-10-09 01:58:21,Synthetic feedback message 642; no real customer data.,2,1,100892
500642,CLAIM,2022-04-30 15:22:08,Synthetic feedback message 643; no real customer data.,3,1,100893
500643,APPLICATION,2022-05-18 06:50:42,Synthetic feedback message 644; no real customer data.,4,1,100894
500644,PORTAL,2023-12-03 07:25:57,Synthetic feedback message 645; no real customer data.,5,0,100895
500645,SERVICE,2026-07-26 05:46:36,Synthetic feedback message 646; no real customer data.,1,1,100896
500646,PAYMENT,2022-06-19 14:21:48,Synthetic feedback message 647; no real customer data.,2,1,100897
500647,CLAIM,2024-03-07 20:04:14,Synthetic feedback message 648; no real customer data.,3,1,100898
500648,APPLICATION,2024-04-08 07:51:20,Synthetic feedback message 649; no real customer data.,4,0,100899
500649,PORTAL,2025-02-21 06:45:36,Synthetic feedback message 650; no real customer data.,5,1,100900
500650,SERVICE,2026-05-21 15:53:44,Synthetic feedback message 651; no real customer data.,1,1,100901
500651,PAYMENT,2022-08-01 05:54:35,Synthetic feedback message 652; no real customer data.,2,1,100902
500652,CLAIM,2024-10-25 02:30:35,Synthetic feedback message 653; no real customer data.,3,0,100903
500653,APPLICATION,2025-11-28 00:54:35,Synthetic feedback message 654; no real customer data.,4,1,100904
500654,PORTAL,2025-04-29 16:27:10,Synthetic feedback message 655; no real customer data.,5,1,100905
500655,SERVICE,2024-01-17 23:03:06,Synthetic feedback message 656; no real customer data.,1,1,100906
500656,PAYMENT,2023-03-28 10:10:36,Synthetic feedback message 657; no real customer data.,2,0,100907
500657,CLAIM,2025-02-23 14:04:17,Synthetic feedback message 658; no real customer data.,3,1,100908
500658,APPLICATION,2024-05-22 06:34:46,Synthetic feedback message 659; no real customer data.,4,1,100909
500659,PORTAL,2022-08-13 11:48:56,Synthetic feedback message 660; no real customer data.,5,1,100910
500660,SERVICE,2023-05-05 18:46:49,Synthetic feedback message 661; no real customer data.,1,0,100911
500661,PAYMENT,2022-04-04 08:27:59,Synthetic feedback message 662; no real customer data.,2,1,100912
500662,CLAIM,2026-06-28 08:26:46,Synthetic feedback message 663; no real customer data.,3,1,100913
500663,APPLICATION,2024-01-04 09:31:40,Synthetic feedback message 664; no real customer data.,4,1,100914
500664,PORTAL,2023-11-29 14:17:54,Synthetic feedback message 665; no real customer data.,5,0,100915
500665,SERVICE,2024-03-14 00:43:12,Synthetic feedback message 666; no real customer data.,1,1,100916
500666,PAYMENT,2023-10-14 20:31:29,Synthetic feedback message 667; no real customer data.,2,1,100917
500667,CLAIM,2022-06-06 12:29:02,Synthetic feedback message 668; no real customer data.,3,1,100918
500668,APPLICATION,2023-07-01 14:57:57,Synthetic feedback message 669; no real customer data.,4,0,100919
500669,PORTAL,2026-06-09 09:47:41,Synthetic feedback message 670; no real customer data.,5,1,100920
500670,SERVICE,2024-11-13 08:32:01,Synthetic feedback message 671; no real customer data.,1,1,100921
500671,PAYMENT,2021-12-30 14:18:37,Synthetic feedback message 672; no real customer data.,2,1,100922
500672,CLAIM,2023-12-18 16:03:54,Synthetic feedback message 673; no real customer data.,3,0,100923
500673,APPLICATION,2022-01-10 07:24:29,Synthetic feedback message 674; no real customer data.,4,1,100924
500674,PORTAL,2023-02-26 08:49:43,Synthetic feedback message 675; no real customer data.,5,1,100925
500675,SERVICE,2025-06-19 10:17:04,Synthetic feedback message 676; no real customer data.,1,1,100926
500676,PAYMENT,2026-05-12 00:53:54,Synthetic feedback message 677; no real customer data.,2,0,100927
500677,CLAIM,2023-03-05 20:45:28,Synthetic feedback message 678; no real customer data.,3,1,100928
500678,APPLICATION,2022-02-27 14:47:57,Synthetic feedback message 679; no real customer data.,4,1,100929
500679,PORTAL,2021-10-12 04:19:06,Synthetic feedback message 680; no real customer data.,5,1,100930
500680,SERVICE,2024-01-04 20:17:48,Synthetic feedback message 681; no real customer data.,1,0,100931
500681,PAYMENT,2025-03-05 12:18:36,Synthetic feedback message 682; no real customer data.,2,1,100932
500682,CLAIM,2022-09-12 18:38:49,Synthetic feedback message 683; no real customer data.,3,1,100933
500683,APPLICATION,2025-09-07 08:07:09,Synthetic feedback message 684; no real customer data.,4,1,100934
500684,PORTAL,2024-06-03 03:00:15,Synthetic feedback message 685; no real customer data.,5,0,100935
500685,SERVICE,2021-09-05 03:23:04,Synthetic feedback message 686; no real customer data.,1,1,100936
500686,PAYMENT,2022-09-27 11:37:52,Synthetic feedback message 687; no real customer data.,2,1,100937
500687,CLAIM,2024-05-18 20:52:52,Synthetic feedback message 688; no real customer data.,3,1,100938
500688,APPLICATION,2022-08-01 03:11:09,Synthetic feedback message 689; no real customer data.,4,0,100939
500689,PORTAL,2024-07-07 05:52:08,Synthetic feedback message 690; no real customer data.,5,1,100940
500690,SERVICE,2025-02-01 15:19:01,Synthetic feedback message 691; no real customer data.,1,1,100941
500691,PAYMENT,2021-10-29 15:54:28,Synthetic feedback message 692; no real customer data.,2,1,100942
500692,CLAIM,2022-09-12 15:24:39,Synthetic feedback message 693; no real customer data.,3,0,100943
500693,APPLICATION,2026-05-13 13:44:33,Synthetic feedback message 694; no real customer data.,4,1,100944
500694,PORTAL,2023-06-18 17:41:14,Synthetic feedback message 695; no real customer data.,5,1,100945
500695,SERVICE,2022-07-18 03:23:12,Synthetic feedback message 696; no real customer data.,1,1,100946
500696,PAYMENT,2023-05-22 22:56:24,Synthetic feedback message 697; no real customer data.,2,0,100947
500697,CLAIM,2023-12-10 11:52:36,Synthetic feedback message 698; no real customer data.,3,1,100948
500698,APPLICATION,2025-09-16 10:27:27,Synthetic feedback message 699; no real customer data.,4,1,100949
500699,PORTAL,2026-02-19 06:03:28,Synthetic feedback message 700; no real customer data.,5,1,100950
500700,SERVICE,2022-12-23 08:32:50,Synthetic feedback message 701; no real customer data.,1,0,100951
500701,PAYMENT,2022-06-14 15:30:27,Synthetic feedback message 702; no real customer data.,2,1,100952
500702,CLAIM,2024-05-04 22:18:32,Synthetic feedback message 703; no real customer data.,3,1,100953
500703,APPLICATION,2024-11-30 11:45:59,Synthetic feedback message 704; no real customer data.,4,1,100954
500704,PORTAL,2026-08-21 06:28:32,Synthetic feedback message 705; no real customer data.,5,0,100955
500705,SERVICE,2022-03-16 07:44:06,Synthetic feedback message 706; no real customer data.,1,1,100956
500706,PAYMENT,2022-08-06 19:13:14,Synthetic feedback message 707; no real customer data.,2,1,100957
500707,CLAIM,2022-09-10 07:04:00,Synthetic feedback message 708; no real customer data.,3,1,100958
500708,APPLICATION,2023-02-03 06:58:57,Synthetic feedback message 709; no real customer data.,4,0,100959
500709,PORTAL,2025-05-14 08:51:35,Synthetic feedback message 710; no real customer data.,5,1,100960
500710,SERVICE,2024-08-26 12:55:56,Synthetic feedback message 711; no real customer data.,1,1,100961
500711,PAYMENT,2024-08-17 16:20:11,Synthetic feedback message 712; no real customer data.,2,1,100962
500712,CLAIM,2023-07-15 07:33:29,Synthetic feedback message 713; no real customer data.,3,0,100963
500713,APPLICATION,2023-05-09 04:04:09,Synthetic feedback message 714; no real customer data.,4,1,100964
500714,PORTAL,2021-10-06 02:39:29,Synthetic feedback message 715; no real customer data.,5,1,100965
500715,SERVICE,2022-07-30 08:28:35,Synthetic feedback message 716; no real customer data.,1,1,100966
500716,PAYMENT,2021-10-15 02:59:48,Synthetic feedback message 717; no real customer data.,2,0,100967
500717,CLAIM,2026-01-28 11:30:17,Synthetic feedback message 718; no real customer data.,3,1,100968
500718,APPLICATION,2023-11-02 15:27:47,Synthetic feedback message 719; no real customer data.,4,1,100969
500719,PORTAL,2026-04-18 11:22:38,Synthetic feedback message 720; no real customer data.,5,1,100970
500720,SERVICE,2024-10-27 07:19:37,Synthetic feedback message 721; no real customer data.,1,0,100971
500721,PAYMENT,2026-02-20 12:43:59,Synthetic feedback message 722; no real customer data.,2,1,100972
500722,CLAIM,2023-05-23 19:54:43,Synthetic feedback message 723; no real customer data.,3,1,100973
500723,APPLICATION,2025-05-02 01:26:28,Synthetic feedback message 724; no real customer data.,4,1,100974
500724,PORTAL,2025-04-18 09:46:54,Synthetic feedback message 725; no real customer data.,5,0,100975
500725,SERVICE,2026-02-06 16:22:54,Synthetic feedback message 726; no real customer data.,1,1,100976
500726,PAYMENT,2023-03-18 20:46:55,Synthetic feedback message 727; no real customer data.,2,1,100977
500727,CLAIM,2025-05-18 02:51:03,Synthetic feedback message 728; no real customer data.,3,1,100978
500728,APPLICATION,2026-08-10 00:08:17,Synthetic feedback message 729; no real customer data.,4,0,100979
500729,PORTAL,2026-03-27 07:16:55,Synthetic feedback message 730; no real customer data.,5,1,100980
500730,SERVICE,2026-01-26 18:22:50,Synthetic feedback message 731; no real customer data.,1,1,100981
500731,PAYMENT,2025-05-27 20:15:28,Synthetic feedback message 732; no real customer data.,2,1,100982
500732,CLAIM,2022-04-05 23:47:53,Synthetic feedback message 733; no real customer data.,3,0,100983
500733,APPLICATION,2024-04-12 13:03:24,Synthetic feedback message 734; no real customer data.,4,1,100984
500734,PORTAL,2023-01-17 05:00:49,Synthetic feedback message 735; no real customer data.,5,1,100985
500735,SERVICE,2025-06-20 18:25:24,Synthetic feedback message 736; no real customer data.,1,1,100986
500736,PAYMENT,2026-08-08 11:10:41,Synthetic feedback message 737; no real customer data.,2,0,100987
500737,CLAIM,2022-06-27 11:32:17,Synthetic feedback message 738; no real customer data.,3,1,100988
500738,APPLICATION,2023-08-15 18:01:30,Synthetic feedback message 739; no real customer data.,4,1,100989
500739,PORTAL,2022-10-13 01:44:13,Synthetic feedback message 740; no real customer data.,5,1,100990
500740,SERVICE,2023-12-24 22:34:51,Synthetic feedback message 741; no real customer data.,1,0,100991
500741,PAYMENT,2023-08-21 10:23:06,Synthetic feedback message 742; no real customer data.,2,1,100992
500742,CLAIM,2025-01-15 20:27:26,Synthetic feedback message 743; no real customer data.,3,1,100993
500743,APPLICATION,2022-03-02 00:47:18,Synthetic feedback message 744; no real customer data.,4,1,100994
500744,PORTAL,2023-08-22 01:40:35,Synthetic feedback message 745; no real customer data.,5,0,100995
500745,SERVICE,2025-11-17 21:22:09,Synthetic feedback message 746; no real customer data.,1,1,100996
500746,PAYMENT,2026-03-12 01:26:17,Synthetic feedback message 747; no real customer data.,2,1,100997
500747,CLAIM,2026-07-05 12:49:36,Synthetic feedback message 748; no real customer data.,3,1,100998
500748,APPLICATION,2022-08-30 20:20:50,Synthetic feedback message 749; no real customer data.,4,0,100999
500749,PORTAL,2024-07-28 18:27:14,Synthetic feedback message 750; no real customer data.,5,1,101000
