id,created_at,message,is_read,target_role,title,type,recipient_id
600000,2023-06-14 11:52:30,Synthetic notification 1 for system testing.,0,ADMIN,Synthetic Info Notification,INFO,100000
600001,2023-03-18 03:59:50,Synthetic notification 2 for system testing.,1,AGENT,Synthetic Approval Notification,APPROVAL,100001
600002,2024-03-03 02:20:09,Synthetic notification 3 for system testing.,1,AGENT,Synthetic Rejection Notification,REJECTION,100002
600003,2025-07-21 22:16:21,Synthetic notification 4 for system testing.,0,AGENT,Synthetic Payment Notification,PAYMENT,100003
600004,2024-03-20 01:50:31,Synthetic notification 5 for system testing.,1,AGENT,Synthetic Claim Notification,CLAIM,100004
600005,2021-12-06 16:03:23,Synthetic notification 6 for system testing.,1,AGENT,Synthetic Reminder Notification,REMINDER,100005
600006,2021-12-08 07:44:50,Synthetic notification 7 for system testing.,0,AGENT,Synthetic Info Notification,INFO,100006
600007,2026-02-15 18:16:00,Synthetic notification 8 for system testing.,1,AGENT,Synthetic Approval Notification,APPROVAL,100007
600008,2023-10-25 05:47:17,Synthetic notification 9 for system testing.,1,AGENT,Synthetic Rejection Notification,REJECTION,100008
600009,2026-05-12 02:51:27,Synthetic notification 10 for system testing.,0,AGENT,Synthetic Payment Notification,PAYMENT,100009
600010,2026-01-04 21:33:38,Synthetic notification 11 for system testing.,1,AGENT,Synthetic Claim Notification,CLAIM,100010
600011,2023-12-26 15:43:33,Synthetic notification 12 for system testing.,1,AGENT,Synthetic Reminder Notification,REMINDER,100011
600012,2025-07-04 19:14:58,Synthetic notification 13 for system testing.,0,AGENT,Synthetic Info Notification,INFO,100012
600013,2021-09-08 04:43:29,Synthetic notification 14 for system testing.,1,AGENT,Synthetic Approval Notification,APPROVAL,100013
600014,2022-11-10 10:32:43,Synthetic notification 15 for system testing.,1,AGENT,Synthetic Rejection Notification,REJECTION,100014
600015,2026-04-16 06:51:54,Synthetic notification 16 for system testing.,0,AGENT,Synthetic Payment Notification,PAYMENT,100015
600016,2026-03-06 17:41:14,Synthetic notification 17 for system testing.,1,AGENT,Synthetic Claim Notification,CLAIM,100016
600017,2022-05-04 08:52:00,Synthetic notification 18 for system testing.,1,AGENT,Synthetic Reminder Notification,REMINDER,100017
600018,2025-06-10 19:49:52,Synthetic notification 19 for system testing.,0,AGENT,Synthetic Info Notification,INFO,100018
600019,2021-11-17 23:54:30,Synthetic notification 20 for system testing.,1,AGENT,Synthetic Approval Notification,APPROVAL,100019
600020,2025-02-01 06:07:39,Synthetic notification 21 for system testing.,1,AGENT,Synthetic Rejection Notification,REJECTION,100020
600021,2025-04-25 21:08:03,Synthetic notification 22 for system testing.,0,AGENT,Synthetic Payment Notification,PAYMENT,100021
600022,2022-08-24 20:34:59,Synthetic notification 23 for system testing.,1,AGENT,Synthetic Claim Notification,CLAIM,100022
600023,2024-02-29 21:53:21,Synthetic notification 24 for system testing.,1,AGENT,Synthetic Reminder Notification,REMINDER,100023
600024,2024-09-17 19:43:58,Synthetic notification 25 for system testing.,0,AGENT,Synthetic Info Notification,INFO,100024
600025,2022-09-09 06:54:08,Synthetic notification 26 for system testing.,1,AGENT,Synthetic Approval Notification,APPROVAL,100025
600026,2026-05-24 03:54:54,Synthetic notification 27 for system testing.,1,AGENT,Synthetic Rejection Notification,REJECTION,100026
600027,2024-08-02 09:40:25,Synthetic notification 28 for system testing.,0,AGENT,Synthetic Payment Notification,PAYMENT,100027
600028,2024-07-06 19:42:40,Synthetic notification 29 for system testing.,1,AGENT,Synthetic Claim Notification,CLAIM,100028
600029,2024-06-11 21:04:48,Synthetic notification 30 for system testing.,1,AGENT,Synthetic Reminder Notification,REMINDER,100029
600030,2022-06-11 03:34:08,Synthetic notification 31 for system testing.,0,AGENT,Synthetic Info Notification,INFO,100030
600031,2024-11-08 02:46:57,Synthetic notification 32 for system testing.,1,AGENT,Synthetic Approval Notification,APPROVAL,100031
600032,2025-07-29 05:20:48,Synthetic notification 33 for system testing.,1,AGENT,Synthetic Rejection Notification,REJECTION,100032
600033,2022-09-21 01:00:09,Synthetic notification 34 for system testing.,0,AGENT,Synthetic Payment Notification,PAYMENT,100033
600034,2024-02-22 16:56:04,Synthetic notification 35 for system testing.,1,AGENT,Synthetic Claim Notification,CLAIM,100034
600035,2024-10-01 01:01:19,Synthetic notification 36 for system testing.,1,AGENT,Synthetic Reminder Notification,REMINDER,100035
600036,2026-01-02 00:59:27,Synthetic notification 37 for system testing.,0,AGENT,Synthetic Info Notification,INFO,100036
600037,2023-09-11 19:17:01,Synthetic notification 38 for system testing.,1,AGENT,Synthetic Approval Notification,APPROVAL,100037
600038,2025-12-09 02:35:40,Synthetic notification 39 for system testing.,1,AGENT,Synthetic Rejection Notification,REJECTION,100038
600039,2025-07-07 19:58:49,Synthetic notification 40 for system testing.,0,AGENT,Synthetic Payment Notification,PAYMENT,100039
600040,2022-02-04 01:04:27,Synthetic notification 41 for system testing.,1,AGENT,Synthetic Claim Notification,CLAIM,100040
600041,2025-10-25 09:09:40,Synthetic notification 42 for system testing.,1,AGENT,Synthetic Reminder Notification,REMINDER,100041
600042,2024-01-21 08:27:18,Synthetic notification 43 for system testing.,0,AGENT,Synthetic Info Notification,INFO,100042
600043,2021-10-02 17:24:57,Synthetic notification 44 for system testing.,1,AGENT,Synthetic Approval Notification,APPROVAL,100043
600044,2024-08-25 12:31:44,Synthetic notification 45 for system testing.,1,AGENT,Synthetic Rejection Notification,REJECTION,100044
600045,2024-10-06 16:59:40,Synthetic notification 46 for system testing.,0,AGENT,Synthetic Payment Notification,PAYMENT,100045
600046,2021-09-23 19:49:19,Synthetic notification 47 for system testing.,1,AGENT,Synthetic Claim Notification,CLAIM,100046
600047,2023-09-20 14:15:08,Synthetic notification 48 for system testing.,1,AGENT,Synthetic Reminder Notification,REMINDER,100047
600048,2025-05-23 06:44:08,Synthetic notification 49 for system testing.,0,AGENT,Synthetic Info Notification,INFO,100048
600049,2022-03-18 00:57:47,Synthetic notification 50 for system testing.,1,AGENT,Synthetic Approval Notification,APPROVAL,100049
600050,2025-07-26 01:36:18,Synthetic notification 51 for system testing.,1,AGENT,Synthetic Rejection Notification,REJECTION,100050
600051,2026-06-04 02:19:55,Synthetic notification 52 for system testing.,0,AGENT,Synthetic Payment Notification,PAYMENT,100051
600052,2025-06-20 21:59:09,Synthetic notification 53 for system testing.,1,AGENT,Synthetic Claim Notification,CLAIM,100052
600053,2021-11-05 19:39:55,Synthetic notification 54 for system testing.,1,AGENT,Synthetic Reminder Notification,REMINDER,100053
600054,2026-02-09 13:00:28,Synthetic notification 55 for system testing.,0,AGENT,Synthetic Info Notification,INFO,100054
600055,2022-08-14 12:51:11,Synthetic notification 56 for system testing.,1,AGENT,Synthetic Approval Notification,APPROVAL,100055
600056,2023-08-30 04:32:42,Synthetic notification 57 for system testing.,1,AGENT,Synthetic Rejection Notification,REJECTION,100056
600057,2024-08-20 02:52:53,Synthetic notification 58 for system testing.,0,AGENT,Synthetic Payment Notification,PAYMENT,100057
600058,2025-08-13 07:03:56,Synthetic notification 59 for system testing.,1,AGENT,Synthetic Claim Notification,CLAIM,100058
600059,2024-11-28 22:24:08,Synthetic notification 60 for system testing.,1,AGENT,Synthetic Reminder Notification,REMINDER,100059
600060,2022-03-22 11:09:02,Synthetic notification 61 for system testing.,0,AGENT,Synthetic Info Notification,INFO,100060
600061,2023-12-17 18:30:32,Synthetic notification 62 for system testing.,1,AGENT,Synthetic Approval Notification,APPROVAL,100061
600062,2024-10-12 22:50:11,Synthetic notification 63 for system testing.,1,AGENT,Synthetic Rejection Notification,REJECTION,100062
600063,2022-03-11 06:08:19,Synthetic notification 64 for system testing.,0,AGENT,Synthetic Payment Notification,PAYMENT,100063
600064,2022-04-03 20:24:41,Synthetic notification 65 for system testing.,1,AGENT,Synthetic Claim Notification,CLAIM,100064
600065,2024-09-10 07:42:13,Synthetic notification 66 for system testing.,1,AGENT,Synthetic Reminder Notification,REMINDER,100065
600066,2022-06-21 07:28:15,Synthetic notification 67 for system testing.,0,AGENT,Synthetic Info Notification,INFO,100066
600067,2025-07-30 06:56:25,Synthetic notification 68 for system testing.,1,AGENT,Synthetic Approval Notification,APPROVAL,100067
600068,2025-05-04 12:07:11,Synthetic notification 69 for system testing.,1,AGENT,Synthetic Rejection Notification,REJECTION,100068
600069,2025-02-08 05:59:12,Synthetic notification 70 for system testing.,0,AGENT,Synthetic Payment Notification,PAYMENT,100069
600070,2026-08-01 23:46:23,Synthetic notification 71 for system testing.,1,AGENT,Synthetic Claim Notification,CLAIM,100070
600071,2023-04-04 05:17:53,Synthetic notification 72 for system testing.,1,AGENT,Synthetic Reminder Notification,REMINDER,100071
600072,2025-09-22 11:12:49,Synthetic notification 73 for system testing.,0,AGENT,Synthetic Info Notification,INFO,100072
600073,2023-04-26 03:29:52,Synthetic notification 74 for system testing.,1,AGENT,Synthetic Approval Notification,APPROVAL,100073
600074,2021-09-07 21:23:28,Synthetic notification 75 for system testing.,1,AGENT,Synthetic Rejection Notification,REJECTION,100074
600075,2023-08-13 09:02:51,Synthetic notification 76 for system testing.,0,AGENT,Synthetic Payment Notification,PAYMENT,100075
600076,2024-08-30 20:17:32,Synthetic notification 77 for system testing.,1,AGENT,Synthetic Claim Notification,CLAIM,100076
600077,2026-04-28 02:54:54,Synthetic notification 78 for system testing.,1,AGENT,Synthetic Reminder Notification,REMINDER,100077
600078,2021-12-12 02:52:59,Synthetic notification 79 for system testing.,0,AGENT,Synthetic Info Notification,INFO,100078
600079,2023-06-10 16:08:05,Synthetic notification 80 for system testing.,1,AGENT,Synthetic Approval Notification,APPROVAL,100079
600080,2024-06-25 15:57:01,Synthetic notification 81 for system testing.,1,AGENT,Synthetic Rejection Notification,REJECTION,100080
600081,2021-09-13 04:56:40,Synthetic notification 82 for system testing.,0,AGENT,Synthetic Payment Notification,PAYMENT,100081
600082,2025-06-25 10:28:03,Synthetic notification 83 for system testing.,1,AGENT,Synthetic Claim Notification,CLAIM,100082
600083,2022-07-31 00:15:32,Synthetic notification 84 for system testing.,1,AGENT,Synthetic Reminder Notification,REMINDER,100083
600084,2024-12-27 18:34:19,Synthetic notification 85 for system testing.,0,AGENT,Synthetic Info Notification,INFO,100084
600085,2021-10-05 01:28:07,Synthetic notification 86 for system testing.,1,AGENT,Synthetic Approval Notification,APPROVAL,100085
600086,2023-11-27 10:01:56,Synthetic notification 87 for system testing.,1,AGENT,Synthetic Rejection Notification,REJECTION,100086
600087,2022-02-10 06:23:29,Synthetic notification 88 for system testing.,0,AGENT,Synthetic Payment Notification,PAYMENT,100087
600088,2022-02-19 08:10:48,Synthetic notification 89 for system testing.,1,AGENT,Synthetic Claim Notification,CLAIM,100088
600089,2022-03-03 10:48:36,Synthetic notification 90 for system testing.,1,AGENT,Synthetic Reminder Notification,REMINDER,100089
600090,2023-12-04 01:17:53,Synthetic notification 91 for system testing.,0,AGENT,Synthetic Info Notification,INFO,100090
600091,2024-03-06 11:01:06,Synthetic notification 92 for system testing.,1,AGENT,Synthetic Approval Notification,APPROVAL,100091
600092,2024-03-14 11:15:45,Synthetic notification 93 for system testing.,1,AGENT,Synthetic Rejection Notification,REJECTION,100092
600093,2022-02-04 18:13:08,Synthetic notification 94 for system testing.,0,AGENT,Synthetic Payment Notification,PAYMENT,100093
600094,2022-01-09 15:21:18,Synthetic notification 95 for system testing.,1,AGENT,Synthetic Claim Notification,CLAIM,100094
600095,2024-08-11 21:19:14,Synthetic notification 96 for system testing.,1,AGENT,Synthetic Reminder Notification,REMINDER,100095
600096,2023-03-07 00:02:40,Synthetic notification 97 for system testing.,0,AGENT,Synthetic Info Notification,INFO,100096
600097,2026-03-28 18:37:59,Synthetic notification 98 for system testing.,1,AGENT,Synthetic Approval Notification,APPROVAL,100097
600098,2025-10-04 11:33:35,Synthetic notification 99 for system testing.,1,AGENT,Synthetic Rejection Notification,REJECTION,100098
600099,2025-06-05 00:13:15,Synthetic notification 100 for system testing.,0,AGENT,Synthetic Payment Notification,PAYMENT,100099
600100,2023-09-09 04:20:18,Synthetic notification 101 for system testing.,1,AGENT,Synthetic Claim Notification,CLAIM,100100
600101,2022-12-23 21:16:54,Synthetic notification 102 for system testing.,1,AGENT,Synthetic Reminder Notification,REMINDER,100101
600102,2025-12-24 23:51:15,Synthetic notification 103 for system testing.,0,AGENT,Synthetic Info Notification,INFO,100102
600103,2021-11-02 16:26:32,Synthetic notification 104 for system testing.,1,AGENT,Synthetic Approval Notification,APPROVAL,100103
600104,2022-09-06 15:02:45,Synthetic notification 105 for system testing.,1,AGENT,Synthetic Rejection Notification,REJECTION,100104
600105,2025-05-22 21:40:35,Synthetic notification 106 for system testing.,0,AGENT,Synthetic Payment Notification,PAYMENT,100105
600106,2024-06-13 09:23:33,Synthetic notification 107 for system testing.,1,AGENT,Synthetic Claim Notification,CLAIM,100106
600107,2023-10-09 08:00:55,Synthetic notification 108 for system testing.,1,AGENT,Synthetic Reminder Notification,REMINDER,100107
600108,2022-01-04 13:44:20,Synthetic notification 109 for system testing.,0,AGENT,Synthetic Info Notification,INFO,100108
600109,2022-04-26 08:19:45,Synthetic notification 110 for system testing.,1,AGENT,Synthetic Approval Notification,APPROVAL,100109
600110,2023-05-27 10:18:41,Synthetic notification 111 for system testing.,1,AGENT,Synthetic Rejection Notification,REJECTION,100110
600111,2023-02-03 02:43:54,Synthetic notification 112 for system testing.,0,AGENT,Synthetic Payment Notification,PAYMENT,100111
600112,2024-11-03 19:31:58,Synthetic notification 113 for system testing.,1,AGENT,Synthetic Claim Notification,CLAIM,100112
600113,2022-09-26 19:52:46,Synthetic notification 114 for system testing.,1,AGENT,Synthetic Reminder Notification,REMINDER,100113
600114,2021-11-01 14:11:58,Synthetic notification 115 for system testing.,0,AGENT,Synthetic Info Notification,INFO,100114
600115,2025-10-16 22:04:41,Synthetic notification 116 for system testing.,1,AGENT,Synthetic Approval Notification,APPROVAL,100115
600116,2025-01-22 11:09:59,Synthetic notification 117 for system testing.,1,AGENT,Synthetic Rejection Notification,REJECTION,100116
600117,2024-08-29 15:04:25,Synthetic notification 118 for system testing.,0,AGENT,Synthetic Payment Notification,PAYMENT,100117
600118,2022-10-06 10:12:38,Synthetic notification 119 for system testing.,1,AGENT,Synthetic Claim Notification,CLAIM,100118
600119,2022-03-23 19:27:37,Synthetic notification 120 for system testing.,1,AGENT,Synthetic Reminder Notification,REMINDER,100119
600120,2025-02-23 18:36:53,Synthetic notification 121 for system testing.,0,AGENT,Synthetic Info Notification,INFO,100120
600121,2026-05-19 12:51:41,Synthetic notification 122 for system testing.,1,AGENT,Synthetic Approval Notification,APPROVAL,100121
600122,2024-08-24 15:11:58,Synthetic notification 123 for system testing.,1,AGENT,Synthetic Rejection Notification,REJECTION,100122
600123,2022-04-28 17:16:40,Synthetic notification 124 for system testing.,0,AGENT,Synthetic Payment Notification,PAYMENT,100123
600124,2025-06-03 14:35:29,Synthetic notification 125 for system testing.,1,AGENT,Synthetic Claim Notification,CLAIM,100124
600125,2024-09-16 02:45:00,Synthetic notification 126 for system testing.,1,AGENT,Synthetic Reminder Notification,REMINDER,100125
600126,2024-10-04 16:31:35,Synthetic notification 127 for system testing.,0,AGENT,Synthetic Info Notification,INFO,100126
600127,2023-10-15 06:16:37,Synthetic notification 128 for system testing.,1,AGENT,Synthetic Approval Notification,APPROVAL,100127
600128,2025-04-01 02:39:30,Synthetic notification 129 for system testing.,1,AGENT,Synthetic Rejection Notification,REJECTION,100128
600129,2025-09-29 23:12:13,Synthetic notification 130 for system testing.,0,AGENT,Synthetic Payment Notification,PAYMENT,100129
600130,2025-12-10 15:11:25,Synthetic notification 131 for system testing.,1,AGENT,Synthetic Claim Notification,CLAIM,100130
600131,2024-02-19 07:46:41,Synthetic notification 132 for system testing.,1,AGENT,Synthetic Reminder Notification,REMINDER,100131
600132,2025-07-09 00:42:17,Synthetic notification 133 for system testing.,0,AGENT,Synthetic Info Notification,INFO,100132
600133,2022-04-27 12:19:45,Synthetic notification 134 for system testing.,1,AGENT,Synthetic Approval Notification,APPROVAL,100133
600134,2022-03-29 02:46:46,Synthetic notification 135 for system testing.,1,AGENT,Synthetic Rejection Notification,REJECTION,100134
600135,2023-03-19 08:56:37,Synthetic notification 136 for system testing.,0,AGENT,Synthetic Payment Notification,PAYMENT,100135
600136,2021-11-23 10:34:34,Synthetic notification 137 for system testing.,1,AGENT,Synthetic Claim Notification,CLAIM,100136
600137,2021-12-28 04:54:56,Synthetic notification 138 for system testing.,1,AGENT,Synthetic Reminder Notification,REMINDER,100137
600138,2022-08-07 22:45:44,Synthetic notification 139 for system testing.,0,AGENT,Synthetic Info Notification,INFO,100138
600139,2023-03-03 09:01:27,Synthetic notification 140 for system testing.,1,AGENT,Synthetic Approval Notification,APPROVAL,100139
600140,2026-08-22 07:29:32,Synthetic notification 141 for system testing.,1,AGENT,Synthetic Rejection Notification,REJECTION,100140
600141,2025-06-19 02:06:46,Synthetic notification 142 for system testing.,0,AGENT,Synthetic Payment Notification,PAYMENT,100141
600142,2025-07-29 02:30:20,Synthetic notification 143 for system testing.,1,AGENT,Synthetic Claim Notification,CLAIM,100142
600143,2023-02-28 08:38:45,Synthetic notification 144 for system testing.,1,AGENT,Synthetic Reminder Notification,REMINDER,100143
600144,2022-03-02 08:13:36,Synthetic notification 145 for system testing.,0,AGENT,Synthetic Info Notification,INFO,100144
600145,2024-03-06 20:03:56,Synthetic notification 146 for system testing.,1,AGENT,Synthetic Approval Notification,APPROVAL,100145
600146,2026-07-28 15:41:21,Synthetic notification 147 for system testing.,1,AGENT,Synthetic Rejection Notification,REJECTION,100146
600147,2026-06-12 07:38:46,Synthetic notification 148 for system testing.,0,AGENT,Synthetic Payment Notification,PAYMENT,100147
600148,2026-03-06 07:20:43,Synthetic notification 149 for system testing.,1,AGENT,Synthetic Claim Notification,CLAIM,100148
600149,2023-08-30 01:02:13,Synthetic notification 150 for system testing.,1,AGENT,Synthetic Reminder Notification,REMINDER,100149
600150,2026-01-06 07:31:29,Synthetic notification 151 for system testing.,0,AGENT,Synthetic Info Notification,INFO,100150
600151,2025-11-15 04:58:55,Synthetic notification 152 for system testing.,1,AGENT,Synthetic Approval Notification,APPROVAL,100151
600152,2025-12-29 23:38:45,Synthetic notification 153 for system testing.,1,AGENT,Synthetic Rejection Notification,REJECTION,100152
600153,2022-06-24 11:30:01,Synthetic notification 154 for system testing.,0,AGENT,Synthetic Payment Notification,PAYMENT,100153
600154,2024-03-14 14:42:59,Synthetic notification 155 for system testing.,1,AGENT,Synthetic Claim Notification,CLAIM,100154
600155,2024-08-20 17:11:56,Synthetic notification 156 for system testing.,1,AGENT,Synthetic Reminder Notification,REMINDER,100155
600156,2025-03-17 23:06:15,Synthetic notification 157 for system testing.,0,AGENT,Synthetic Info Notification,INFO,100156
600157,2024-07-17 15:14:55,Synthetic notification 158 for system testing.,1,AGENT,Synthetic Approval Notification,APPROVAL,100157
600158,2021-12-20 12:36:17,Synthetic notification 159 for system testing.,1,AGENT,Synthetic Rejection Notification,REJECTION,100158
600159,2025-09-12 12:09:40,Synthetic notification 160 for system testing.,0,AGENT,Synthetic Payment Notification,PAYMENT,100159
600160,2025-11-06 06:24:18,Synthetic notification 161 for system testing.,1,AGENT,Synthetic Claim Notification,CLAIM,100160
600161,2021-10-17 13:22:11,Synthetic notification 162 for system testing.,1,AGENT,Synthetic Reminder Notification,REMINDER,100161
600162,2025-07-06 02:22:36,Synthetic notification 163 for system testing.,0,AGENT,Synthetic Info Notification,INFO,100162
600163,2025-04-12 09:30:56,Synthetic notification 164 for system testing.,1,AGENT,Synthetic Approval Notification,APPROVAL,100163
600164,2022-03-11 17:12:34,Synthetic notification 165 for system testing.,1,AGENT,Synthetic Rejection Notification,REJECTION,100164
600165,2022-06-09 18:11:17,Synthetic notification 166 for system testing.,0,AGENT,Synthetic Payment Notification,PAYMENT,100165
600166,2022-11-14 15:50:16,Synthetic notification 167 for system testing.,1,AGENT,Synthetic Claim Notification,CLAIM,100166
600167,2022-06-01 10:46:04,Synthetic notification 168 for system testing.,1,AGENT,Synthetic Reminder Notification,REMINDER,100167
600168,2024-02-18 06:08:06,Synthetic notification 169 for system testing.,0,AGENT,Synthetic Info Notification,INFO,100168
600169,2022-06-06 11:03:36,Synthetic notification 170 for system testing.,1,AGENT,Synthetic Approval Notification,APPROVAL,100169
600170,2025-05-14 15:18:24,Synthetic notification 171 for system testing.,1,AGENT,Synthetic Rejection Notification,REJECTION,100170
600171,2023-05-15 17:36:42,Synthetic notification 172 for system testing.,0,AGENT,Synthetic Payment Notification,PAYMENT,100171
600172,2023-05-04 02:56:30,Synthetic notification 173 for system testing.,1,AGENT,Synthetic Claim Notification,CLAIM,100172
600173,2022-02-17 11:05:55,Synthetic notification 174 for system testing.,1,AGENT,Synthetic Reminder Notification,REMINDER,100173
600174,2025-05-24 01:09:31,Synthetic notification 175 for system testing.,0,AGENT,Synthetic Info Notification,INFO,100174
600175,2021-10-07 12:13:19,Synthetic notification 176 for system testing.,1,AGENT,Synthetic Approval Notification,APPROVAL,100175
600176,2024-09-17 02:44:26,Synthetic notification 177 for system testing.,1,AGENT,Synthetic Rejection Notification,REJECTION,100176
600177,2024-07-30 07:58:38,Synthetic notification 178 for system testing.,0,AGENT,Synthetic Payment Notification,PAYMENT,100177
600178,2024-10-23 23:10:56,Synthetic notification 179 for system testing.,1,AGENT,Synthetic Claim Notification,CLAIM,100178
600179,2026-06-17 23:34:05,Synthetic notification 180 for system testing.,1,AGENT,Synthetic Reminder Notification,REMINDER,100179
600180,2023-07-21 01:25:56,Synthetic notification 181 for system testing.,0,AGENT,Synthetic Info Notification,INFO,100180
600181,2022-03-16 10:04:54,Synthetic notification 182 for system testing.,1,AGENT,Synthetic Approval Notification,APPROVAL,100181
600182,2025-06-12 16:35:18,Synthetic notification 183 for system testing.,1,AGENT,Synthetic Rejection Notification,REJECTION,100182
600183,2024-12-23 14:50:35,Synthetic notification 184 for system testing.,0,AGENT,Synthetic Payment Notification,PAYMENT,100183
600184,2022-08-07 01:52:15,Synthetic notification 185 for system testing.,1,AGENT,Synthetic Claim Notification,CLAIM,100184
600185,2025-07-25 12:58:44,Synthetic notification 186 for system testing.,1,AGENT,Synthetic Reminder Notification,REMINDER,100185
600186,2023-10-16 15:43:00,Synthetic notification 187 for system testing.,0,AGENT,Synthetic Info Notification,INFO,100186
600187,2025-11-28 21:53:18,Synthetic notification 188 for system testing.,1,AGENT,Synthetic Approval Notification,APPROVAL,100187
600188,2025-07-04 19:31:36,Synthetic notification 189 for system testing.,1,AGENT,Synthetic Rejection Notification,REJECTION,100188
600189,2021-12-27 17:10:30,Synthetic notification 190 for system testing.,0,AGENT,Synthetic Payment Notification,PAYMENT,100189
600190,2022-03-09 19:44:47,Synthetic notification 191 for system testing.,1,AGENT,Synthetic Claim Notification,CLAIM,100190
600191,2023-10-18 17:31:56,Synthetic notification 192 for system testing.,1,AGENT,Synthetic Reminder Notification,REMINDER,100191
600192,2023-05-31 12:28:17,Synthetic notification 193 for system testing.,0,AGENT,Synthetic Info Notification,INFO,100192
600193,2024-04-20 21:53:03,Synthetic notification 194 for system testing.,1,AGENT,Synthetic Approval Notification,APPROVAL,100193
600194,2022-12-22 08:11:26,Synthetic notification 195 for system testing.,1,AGENT,Synthetic Rejection Notification,REJECTION,100194
600195,2026-05-07 18:27:47,Synthetic notification 196 for system testing.,0,AGENT,Synthetic Payment Notification,PAYMENT,100195
600196,2022-05-12 04:03:31,Synthetic notification 197 for system testing.,1,AGENT,Synthetic Claim Notification,CLAIM,100196
600197,2026-03-29 07:56:11,Synthetic notification 198 for system testing.,1,AGENT,Synthetic Reminder Notification,REMINDER,100197
600198,2023-11-30 11:23:28,Synthetic notification 199 for system testing.,0,AGENT,Synthetic Info Notification,INFO,100198
600199,2024-11-18 21:51:08,Synthetic notification 200 for system testing.,1,AGENT,Synthetic Approval Notification,APPROVAL,100199
600200,2025-10-05 17:25:45,Synthetic notification 201 for system testing.,1,AGENT,Synthetic Rejection Notification,REJECTION,100200
600201,2024-07-28 19:38:42,Synthetic notification 202 for system testing.,0,AGENT,Synthetic Payment Notification,PAYMENT,100201
600202,2024-04-18 11:10:53,Synthetic notification 203 for system testing.,1,AGENT,Synthetic Claim Notification,CLAIM,100202
600203,2022-12-01 21:36:26,Synthetic notification 204 for system testing.,1,AGENT,Synthetic Reminder Notification,REMINDER,100203
600204,2024-12-23 06:29:22,Synthetic notification 205 for system testing.,0,AGENT,Synthetic Info Notification,INFO,100204
600205,2022-03-22 13:56:15,Synthetic notification 206 for system testing.,1,AGENT,Synthetic Approval Notification,APPROVAL,100205
600206,2024-10-18 11:52:03,Synthetic notification 207 for system testing.,1,AGENT,Synthetic Rejection Notification,REJECTION,100206
600207,2023-11-16 06:32:16,Synthetic notification 208 for system testing.,0,AGENT,Synthetic Payment Notification,PAYMENT,100207
600208,2023-05-10 15:56:24,Synthetic notification 209 for system testing.,1,AGENT,Synthetic Claim Notification,CLAIM,100208
600209,2024-04-28 10:57:41,Synthetic notification 210 for system testing.,1,AGENT,Synthetic Reminder Notification,REMINDER,100209
600210,2024-02-03 22:15:00,Synthetic notification 211 for system testing.,0,AGENT,Synthetic Info Notification,INFO,100210
600211,2024-06-06 05:15:57,Synthetic notification 212 for system testing.,1,AGENT,Synthetic Approval Notification,APPROVAL,100211
600212,2024-12-05 08:06:06,Synthetic notification 213 for system testing.,1,AGENT,Synthetic Rejection Notification,REJECTION,100212
600213,2022-12-29 01:27:29,Synthetic notification 214 for system testing.,0,AGENT,Synthetic Payment Notification,PAYMENT,100213
600214,2026-07-29 17:28:51,Synthetic notification 215 for system testing.,1,AGENT,Synthetic Claim Notification,CLAIM,100214
600215,2026-05-13 21:01:02,Synthetic notification 216 for system testing.,1,AGENT,Synthetic Reminder Notification,REMINDER,100215
600216,2023-10-10 13:18:17,Synthetic notification 217 for system testing.,0,AGENT,Synthetic Info Notification,INFO,100216
600217,2026-05-25 05:54:20,Synthetic notification 218 for system testing.,1,AGENT,Synthetic Approval Notification,APPROVAL,100217
600218,2022-02-05 01:22:56,Synthetic notification 219 for system testing.,1,AGENT,Synthetic Rejection Notification,REJECTION,100218
600219,2024-09-21 21:30:14,Synthetic notification 220 for system testing.,0,AGENT,Synthetic Payment Notification,PAYMENT,100219
600220,2025-03-03 10:53:23,Synthetic notification 221 for system testing.,1,AGENT,Synthetic Claim Notification,CLAIM,100220
600221,2025-04-15 02:13:59,Synthetic notification 222 for system testing.,1,AGENT,Synthetic Reminder Notification,REMINDER,100221
600222,2024-09-14 11:30:52,Synthetic notification 223 for system testing.,0,AGENT,Synthetic Info Notification,INFO,100222
600223,2022-12-11 03:52:06,Synthetic notification 224 for system testing.,1,AGENT,Synthetic Approval Notification,APPROVAL,100223
600224,2024-07-07 04:02:31,Synthetic notification 225 for system testing.,1,AGENT,Synthetic Rejection Notification,REJECTION,100224
600225,2026-01-06 18:09:54,Synthetic notification 226 for system testing.,0,AGENT,Synthetic Payment Notification,PAYMENT,100225
600226,2026-05-12 00:24:19,Synthetic notification 227 for system testing.,1,AGENT,Synthetic Claim Notification,CLAIM,100226
600227,2022-12-14 21:40:18,Synthetic notification 228 for system testing.,1,AGENT,Synthetic Reminder Notification,REMINDER,100227
600228,2024-03-02 15:32:39,Synthetic notification 229 for system testing.,0,AGENT,Synthetic Info Notification,INFO,100228
600229,2024-04-20 13:36:02,Synthetic notification 230 for system testing.,1,AGENT,Synthetic Approval Notification,APPROVAL,100229
600230,2026-01-12 22:35:41,Synthetic notification 231 for system testing.,1,AGENT,Synthetic Rejection Notification,REJECTION,100230
600231,2026-07-18 00:55:24,Synthetic notification 232 for system testing.,0,AGENT,Synthetic Payment Notification,PAYMENT,100231
600232,2023-04-17 06:02:40,Synthetic notification 233 for system testing.,1,AGENT,Synthetic Claim Notification,CLAIM,100232
600233,2024-02-06 10:16:47,Synthetic notification 234 for system testing.,1,AGENT,Synthetic Reminder Notification,REMINDER,100233
600234,2024-05-08 22:43:05,Synthetic notification 235 for system testing.,0,AGENT,Synthetic Info Notification,INFO,100234
600235,2024-09-16 17:54:53,Synthetic notification 236 for system testing.,1,AGENT,Synthetic Approval Notification,APPROVAL,100235
600236,2023-03-16 09:25:21,Synthetic notification 237 for system testing.,1,AGENT,Synthetic Rejection Notification,REJECTION,100236
600237,2022-07-12 22:45:02,Synthetic notification 238 for system testing.,0,AGENT,Synthetic Payment Notification,PAYMENT,100237
600238,2026-05-21 09:56:17,Synthetic notification 239 for system testing.,1,AGENT,Synthetic Claim Notification,CLAIM,100238
600239,2022-08-28 06:30:42,Synthetic notification 240 for system testing.,1,AGENT,Synthetic Reminder Notification,REMINDER,100239
600240,2025-07-19 01:59:12,Synthetic notification 241 for system testing.,0,AGENT,Synthetic Info Notification,INFO,100240
600241,2026-02-19 07:43:22,Synthetic notification 242 for system testing.,1,AGENT,Synthetic Approval Notification,APPROVAL,100241
600242,2024-02-09 00:05:01,Synthetic notification 243 for system testing.,1,AGENT,Synthetic Rejection Notification,REJECTION,100242
600243,2026-03-30 00:19:30,Synthetic notification 244 for system testing.,0,AGENT,Synthetic Payment Notification,PAYMENT,100243
600244,2025-03-29 11:50:27,Synthetic notification 245 for system testing.,1,AGENT,Synthetic Claim Notification,CLAIM,100244
600245,2023-01-02 13:15:12,Synthetic notification 246 for system testing.,1,AGENT,Synthetic Reminder Notification,REMINDER,100245
600246,2025-04-15 12:53:15,Synthetic notification 247 for system testing.,0,AGENT,Synthetic Info Notification,INFO,100246
600247,2024-05-24 15:11:41,Synthetic notification 248 for system testing.,1,AGENT,Synthetic Approval Notification,APPROVAL,100247
600248,2024-10-17 12:33:55,Synthetic notification 249 for system testing.,1,AGENT,Synthetic Rejection Notification,REJECTION,100248
600249,2023-04-30 17:05:51,Synthetic notification 250 for system testing.,0,AGENT,Synthetic Payment Notification,PAYMENT,100249
600250,2024-04-03 12:24:47,Synthetic notification 251 for system testing.,1,AGENT,Synthetic Claim Notification,CLAIM,100250
600251,2022-06-17 05:20:07,Synthetic notification 252 for system testing.,1,CUSTOMER,Synthetic Reminder Notification,REMINDER,100251
600252,2025-06-12 21:50:07,Synthetic notification 253 for system testing.,0,CUSTOMER,Synthetic Info Notification,INFO,100252
600253,2025-05-28 07:12:15,Synthetic notification 254 for system testing.,1,CUSTOMER,Synthetic Approval Notification,APPROVAL,100253
600254,2026-08-26 00:48:15,Synthetic notification 255 for system testing.,1,CUSTOMER,Synthetic Rejection Notification,REJECTION,100254
600255,2021-10-18 03:18:28,Synthetic notification 256 for system testing.,0,CUSTOMER,Synthetic Payment Notification,PAYMENT,100255
600256,2022-05-01 21:23:41,Synthetic notification 257 for system testing.,1,CUSTOMER,Synthetic Claim Notification,CLAIM,100256
600257,2022-03-01 13:50:02,Synthetic notification 258 for system testing.,1,CUSTOMER,Synthetic Reminder Notification,REMINDER,100257
600258,2023-01-16 06:04:36,Synthetic notification 259 for system testing.,0,CUSTOMER,Synthetic Info Notification,INFO,100258
600259,2023-10-14 12:36:25,Synthetic notification 260 for system testing.,1,CUSTOMER,Synthetic Approval Notification,APPROVAL,100259
600260,2026-08-29 03:22:23,Synthetic notification 261 for system testing.,1,CUSTOMER,Synthetic Rejection Notification,REJECTION,100260
600261,2026-04-10 05:39:36,Synthetic notification 262 for system testing.,0,CUSTOMER,Synthetic Payment Notification,PAYMENT,100261
600262,2023-12-29 01:31:53,Synthetic notification 263 for system testing.,1,CUSTOMER,Synthetic Claim Notification,CLAIM,100262
600263,2025-01-23 05:20:37,Synthetic notification 264 for system testing.,1,CUSTOMER,Synthetic Reminder Notification,REMINDER,100263
600264,2025-06-26 14:24:50,Synthetic notification 265 for system testing.,0,CUSTOMER,Synthetic Info Notification,INFO,100264
600265,2026-04-19 04:13:54,Synthetic notification 266 for system testing.,1,CUSTOMER,Synthetic Approval Notification,APPROVAL,100265
600266,2023-05-05 22:04:42,Synthetic notification 267 for system testing.,1,CUSTOMER,Synthetic Rejection Notification,REJECTION,100266
600267,2022-11-09 07:48:42,Synthetic notification 268 for system testing.,0,CUSTOMER,Synthetic Payment Notification,PAYMENT,100267
600268,2024-06-30 00:11:39,Synthetic notification 269 for system testing.,1,CUSTOMER,Synthetic Claim Notification,CLAIM,100268
600269,2023-04-05 23:49:38,Synthetic notification 270 for system testing.,1,CUSTOMER,Synthetic Reminder Notification,REMINDER,100269
600270,2024-06-20 21:49:47,Synthetic notification 271 for system testing.,0,CUSTOMER,Synthetic Info Notification,INFO,100270
600271,2023-02-07 15:55:00,Synthetic notification 272 for system testing.,1,CUSTOMER,Synthetic Approval Notification,APPROVAL,100271
600272,2025-03-16 03:55:47,Synthetic notification 273 for system testing.,1,CUSTOMER,Synthetic Rejection Notification,REJECTION,100272
600273,2021-09-13 10:44:50,Synthetic notification 274 for system testing.,0,CUSTOMER,Synthetic Payment Notification,PAYMENT,100273
600274,2024-08-10 05:14:27,Synthetic notification 275 for system testing.,1,CUSTOMER,Synthetic Claim Notification,CLAIM,100274
600275,2025-04-30 07:05:36,Synthetic notification 276 for system testing.,1,CUSTOMER,Synthetic Reminder Notification,REMINDER,100275
600276,2024-01-09 06:12:05,Synthetic notification 277 for system testing.,0,CUSTOMER,Synthetic Info Notification,INFO,100276
600277,2022-06-02 19:42:34,Synthetic notification 278 for system testing.,1,CUSTOMER,Synthetic Approval Notification,APPROVAL,100277
600278,2023-04-12 07:14:47,Synthetic notification 279 for system testing.,1,CUSTOMER,Synthetic Rejection Notification,REJECTION,100278
600279,2026-07-24 23:58:38,Synthetic notification 280 for system testing.,0,CUSTOMER,Synthetic Payment Notification,PAYMENT,100279
600280,2026-04-04 03:24:02,Synthetic notification 281 for system testing.,1,CUSTOMER,Synthetic Claim Notification,CLAIM,100280
600281,2026-08-23 14:42:45,Synthetic notification 282 for system testing.,1,CUSTOMER,Synthetic Reminder Notification,REMINDER,100281
600282,2023-02-03 02:14:00,Synthetic notification 283 for system testing.,0,CUSTOMER,Synthetic Info Notification,INFO,100282
600283,2023-10-09 07:21:29,Synthetic notification 284 for system testing.,1,CUSTOMER,Synthetic Approval Notification,APPROVAL,100283
600284,2026-01-06 20:45:30,Synthetic notification 285 for system testing.,1,CUSTOMER,Synthetic Rejection Notification,REJECTION,100284
600285,2025-12-20 03:24:52,Synthetic notification 286 for system testing.,0,CUSTOMER,Synthetic Payment Notification,PAYMENT,100285
600286,2026-05-02 19:19:46,Synthetic notification 287 for system testing.,1,CUSTOMER,Synthetic Claim Notification,CLAIM,100286
600287,2025-08-21 12:57:25,Synthetic notification 288 for system testing.,1,CUSTOMER,Synthetic Reminder Notification,REMINDER,100287
600288,2023-01-24 00:57:23,Synthetic notification 289 for system testing.,0,CUSTOMER,Synthetic Info Notification,INFO,100288
600289,2022-08-30 01:02:58,Synthetic notification 290 for system testing.,1,CUSTOMER,Synthetic Approval Notification,APPROVAL,100289
600290,2022-11-11 13:19:12,Synthetic notification 291 for system testing.,1,CUSTOMER,Synthetic Rejection Notification,REJECTION,100290
600291,2025-08-24 07:36:06,Synthetic notification 292 for system testing.,0,CUSTOMER,Synthetic Payment Notification,PAYMENT,100291
600292,2023-10-17 15:30:27,Synthetic notification 293 for system testing.,1,CUSTOMER,Synthetic Claim Notification,CLAIM,100292
600293,2023-10-22 17:48:25,Synthetic notification 294 for system testing.,1,CUSTOMER,Synthetic Reminder Notification,REMINDER,100293
600294,2024-08-04 20:37:03,Synthetic notification 295 for system testing.,0,CUSTOMER,Synthetic Info Notification,INFO,100294
600295,2022-12-20 21:04:36,Synthetic notification 296 for system testing.,1,CUSTOMER,Synthetic Approval Notification,APPROVAL,100295
600296,2024-09-22 06:45:05,Synthetic notification 297 for system testing.,1,CUSTOMER,Synthetic Rejection Notification,REJECTION,100296
600297,2023-05-31 22:26:01,Synthetic notification 298 for system testing.,0,CUSTOMER,Synthetic Payment Notification,PAYMENT,100297
600298,2022-10-01 18:55:38,Synthetic notification 299 for system testing.,1,CUSTOMER,Synthetic Claim Notification,CLAIM,100298
600299,2026-02-10 01:42:09,Synthetic notification 300 for system testing.,1,CUSTOMER,Synthetic Reminder Notification,REMINDER,100299
600300,2023-05-29 01:28:47,Synthetic notification 301 for system testing.,0,CUSTOMER,Synthetic Info Notification,INFO,100300
600301,2022-01-03 11:02:25,Synthetic notification 302 for system testing.,1,CUSTOMER,Synthetic Approval Notification,APPROVAL,100301
600302,2023-12-31 19:21:29,Synthetic notification 303 for system testing.,1,CUSTOMER,Synthetic Rejection Notification,REJECTION,100302
600303,2021-10-30 16:13:29,Synthetic notification 304 for system testing.,0,CUSTOMER,Synthetic Payment Notification,PAYMENT,100303
600304,2025-08-20 13:23:34,Synthetic notification 305 for system testing.,1,CUSTOMER,Synthetic Claim Notification,CLAIM,100304
600305,2026-02-25 10:33:55,Synthetic notification 306 for system testing.,1,CUSTOMER,Synthetic Reminder Notification,REMINDER,100305
600306,2022-01-22 05:36:37,Synthetic notification 307 for system testing.,0,CUSTOMER,Synthetic Info Notification,INFO,100306
600307,2024-01-03 11:19:38,Synthetic notification 308 for system testing.,1,CUSTOMER,Synthetic Approval Notification,APPROVAL,100307
600308,2022-10-01 00:28:52,Synthetic notification 309 for system testing.,1,CUSTOMER,Synthetic Rejection Notification,REJECTION,100308
600309,2024-06-29 23:29:00,Synthetic notification 310 for system testing.,0,CUSTOMER,Synthetic Payment Notification,PAYMENT,100309
600310,2022-04-10 01:16:38,Synthetic notification 311 for system testing.,1,CUSTOMER,Synthetic Claim Notification,CLAIM,100310
600311,2021-10-15 23:21:57,Synthetic notification 312 for system testing.,1,CUSTOMER,Synthetic Reminder Notification,REMINDER,100311
600312,2024-04-06 06:02:12,Synthetic notification 313 for system testing.,0,CUSTOMER,Synthetic Info Notification,INFO,100312
600313,2024-06-29 20:55:48,Synthetic notification 314 for system testing.,1,CUSTOMER,Synthetic Approval Notification,APPROVAL,100313
600314,2025-04-17 07:21:32,Synthetic notification 315 for system testing.,1,CUSTOMER,Synthetic Rejection Notification,REJECTION,100314
600315,2024-07-30 04:26:46,Synthetic notification 316 for system testing.,0,CUSTOMER,Synthetic Payment Notification,PAYMENT,100315
600316,2024-11-17 02:27:19,Synthetic notification 317 for system testing.,1,CUSTOMER,Synthetic Claim Notification,CLAIM,100316
600317,2023-12-23 20:21:51,Synthetic notification 318 for system testing.,1,CUSTOMER,Synthetic Reminder Notification,REMINDER,100317
600318,2022-01-05 13:21:50,Synthetic notification 319 for system testing.,0,CUSTOMER,Synthetic Info Notification,INFO,100318
600319,2021-11-26 07:49:13,Synthetic notification 320 for system testing.,1,CUSTOMER,Synthetic Approval Notification,APPROVAL,100319
600320,2025-11-30 17:20:06,Synthetic notification 321 for system testing.,1,CUSTOMER,Synthetic Rejection Notification,REJECTION,100320
600321,2023-12-09 12:27:10,Synthetic notification 322 for system testing.,0,CUSTOMER,Synthetic Payment Notification,PAYMENT,100321
600322,2024-08-31 16:33:15,Synthetic notification 323 for system testing.,1,CUSTOMER,Synthetic Claim Notification,CLAIM,100322
600323,2023-06-10 14:26:44,Synthetic notification 324 for system testing.,1,CUSTOMER,Synthetic Reminder Notification,REMINDER,100323
600324,2024-02-29 00:56:26,Synthetic notification 325 for system testing.,0,CUSTOMER,Synthetic Info Notification,INFO,100324
600325,2024-05-23 10:59:46,Synthetic notification 326 for system testing.,1,CUSTOMER,Synthetic Approval Notification,APPROVAL,100325
600326,2026-01-26 15:13:56,Synthetic notification 327 for system testing.,1,CUSTOMER,Synthetic Rejection Notification,REJECTION,100326
600327,2022-09-07 05:47:59,Synthetic notification 328 for system testing.,0,CUSTOMER,Synthetic Payment Notification,PAYMENT,100327
600328,2023-07-10 09:57:43,Synthetic notification 329 for system testing.,1,CUSTOMER,Synthetic Claim Notification,CLAIM,100328
600329,2023-08-28 01:30:55,Synthetic notification 330 for system testing.,1,CUSTOMER,Synthetic Reminder Notification,REMINDER,100329
600330,2026-04-20 21:48:37,Synthetic notification 331 for system testing.,0,CUSTOMER,Synthetic Info Notification,INFO,100330
600331,2022-10-06 15:00:23,Synthetic notification 332 for system testing.,1,CUSTOMER,Synthetic Approval Notification,APPROVAL,100331
600332,2021-11-16 13:20:36,Synthetic notification 333 for system testing.,1,CUSTOMER,Synthetic Rejection Notification,REJECTION,100332
600333,2024-05-20 03:19:16,Synthetic notification 334 for system testing.,0,CUSTOMER,Synthetic Payment Notification,PAYMENT,100333
600334,2025-05-21 09:01:35,Synthetic notification 335 for system testing.,1,CUSTOMER,Synthetic Claim Notification,CLAIM,100334
600335,2025-03-01 02:28:27,Synthetic notification 336 for system testing.,1,CUSTOMER,Synthetic Reminder Notification,REMINDER,100335
600336,2023-11-30 14:05:18,Synthetic notification 337 for system testing.,0,CUSTOMER,Synthetic Info Notification,INFO,100336
600337,2026-02-02 16:22:02,Synthetic notification 338 for system testing.,1,CUSTOMER,Synthetic Approval Notification,APPROVAL,100337
600338,2024-07-23 20:50:22,Synthetic notification 339 for system testing.,1,CUSTOMER,Synthetic Rejection Notification,REJECTION,100338
600339,2025-08-07 02:53:43,Synthetic notification 340 for system testing.,0,CUSTOMER,Synthetic Payment Notification,PAYMENT,100339
600340,2026-08-27 02:50:34,Synthetic notification 341 for system testing.,1,CUSTOMER,Synthetic Claim Notification,CLAIM,100340
600341,2023-12-27 18:42:12,Synthetic notification 342 for system testing.,1,CUSTOMER,Synthetic Reminder Notification,REMINDER,100341
600342,2025-03-10 11:16:37,Synthetic notification 343 for system testing.,0,CUSTOMER,Synthetic Info Notification,INFO,100342
600343,2023-02-04 18:26:19,Synthetic notification 344 for system testing.,1,CUSTOMER,Synthetic Approval Notification,APPROVAL,100343
600344,2026-04-06 21:17:44,Synthetic notification 345 for system testing.,1,CUSTOMER,Synthetic Rejection Notification,REJECTION,100344
600345,2026-04-02 08:51:16,Synthetic notification 346 for system testing.,0,CUSTOMER,Synthetic Payment Notification,PAYMENT,100345
600346,2021-09-07 07:57:17,Synthetic notification 347 for system testing.,1,CUSTOMER,Synthetic Claim Notification,CLAIM,100346
600347,2023-08-21 17:10:02,Synthetic notification 348 for system testing.,1,CUSTOMER,Synthetic Reminder Notification,REMINDER,100347
600348,2025-09-26 15:35:16,Synthetic notification 349 for system testing.,0,CUSTOMER,Synthetic Info Notification,INFO,100348
600349,2025-07-04 04:56:58,Synthetic notification 350 for system testing.,1,CUSTOMER,Synthetic Approval Notification,APPROVAL,100349
600350,2023-12-17 01:26:10,Synthetic notification 351 for system testing.,1,CUSTOMER,Synthetic Rejection Notification,REJECTION,100350
600351,2025-09-23 02:28:28,Synthetic notification 352 for system testing.,0,CUSTOMER,Synthetic Payment Notification,PAYMENT,100351
600352,2026-01-25 11:51:59,Synthetic notification 353 for system testing.,1,CUSTOMER,Synthetic Claim Notification,CLAIM,100352
600353,2022-01-23 15:54:11,Synthetic notification 354 for system testing.,1,CUSTOMER,Synthetic Reminder Notification,REMINDER,100353
600354,2022-06-29 05:35:38,Synthetic notification 355 for system testing.,0,CUSTOMER,Synthetic Info Notification,INFO,100354
600355,2025-02-09 09:31:34,Synthetic notification 356 for system testing.,1,CUSTOMER,Synthetic Approval Notification,APPROVAL,100355
600356,2026-07-25 16:16:40,Synthetic notification 357 for system testing.,1,CUSTOMER,Synthetic Rejection Notification,REJECTION,100356
600357,2022-04-24 23:32:34,Synthetic notification 358 for system testing.,0,CUSTOMER,Synthetic Payment Notification,PAYMENT,100357
600358,2023-02-25 22:54:15,Synthetic notification 359 for system testing.,1,CUSTOMER,Synthetic Claim Notification,CLAIM,100358
600359,2023-04-17 08:03:34,Synthetic notification 360 for system testing.,1,CUSTOMER,Synthetic Reminder Notification,REMINDER,100359
600360,2024-08-10 14:27:56,Synthetic notification 361 for system testing.,0,CUSTOMER,Synthetic Info Notification,INFO,100360
600361,2022-05-17 18:22:00,Synthetic notification 362 for system testing.,1,CUSTOMER,Synthetic Approval Notification,APPROVAL,100361
600362,2023-09-21 01:41:51,Synthetic notification 363 for system testing.,1,CUSTOMER,Synthetic Rejection Notification,REJECTION,100362
600363,2022-03-18 13:57:22,Synthetic notification 364 for system testing.,0,CUSTOMER,Synthetic Payment Notification,PAYMENT,100363
600364,2023-02-27 09:18:52,Synthetic notification 365 for system testing.,1,CUSTOMER,Synthetic Claim Notification,CLAIM,100364
600365,2025-01-22 22:17:27,Synthetic notification 366 for system testing.,1,CUSTOMER,Synthetic Reminder Notification,REMINDER,100365
600366,2023-09-12 03:30:43,Synthetic notification 367 for system testing.,0,CUSTOMER,Synthetic Info Notification,INFO,100366
600367,2023-01-22 22:29:18,Synthetic notification 368 for system testing.,1,CUSTOMER,Synthetic Approval Notification,APPROVAL,100367
600368,2024-05-31 10:53:28,Synthetic notification 369 for system testing.,1,CUSTOMER,Synthetic Rejection Notification,REJECTION,100368
600369,2026-05-12 00:55:16,Synthetic notification 370 for system testing.,0,CUSTOMER,Synthetic Payment Notification,PAYMENT,100369
600370,2023-10-08 11:20:10,Synthetic notification 371 for system testing.,1,CUSTOMER,Synthetic Claim Notification,CLAIM,100370
600371,2026-08-18 13:29:50,Synthetic notification 372 for system testing.,1,CUSTOMER,Synthetic Reminder Notification,REMINDER,100371
600372,2026-05-27 01:43:10,Synthetic notification 373 for system testing.,0,CUSTOMER,Synthetic Info Notification,INFO,100372
600373,2025-06-22 11:36:25,Synthetic notification 374 for system testing.,1,CUSTOMER,Synthetic Approval Notification,APPROVAL,100373
600374,2024-08-07 16:04:48,Synthetic notification 375 for system testing.,1,CUSTOMER,Synthetic Rejection Notification,REJECTION,100374
600375,2024-05-06 20:06:32,Synthetic notification 376 for system testing.,0,CUSTOMER,Synthetic Payment Notification,PAYMENT,100375
600376,2022-01-16 14:44:22,Synthetic notification 377 for system testing.,1,CUSTOMER,Synthetic Claim Notification,CLAIM,100376
600377,2023-02-10 04:52:09,Synthetic notification 378 for system testing.,1,CUSTOMER,Synthetic Reminder Notification,REMINDER,100377
600378,2023-12-19 07:14:50,Synthetic notification 379 for system testing.,0,CUSTOMER,Synthetic Info Notification,INFO,100378
600379,2021-10-02 02:04:43,Synthetic notification 380 for system testing.,1,CUSTOMER,Synthetic Approval Notification,APPROVAL,100379
600380,2024-09-21 16:45:21,Synthetic notification 381 for system testing.,1,CUSTOMER,Synthetic Rejection Notification,REJECTION,100380
600381,2025-07-08 01:40:42,Synthetic notification 382 for system testing.,0,CUSTOMER,Synthetic Payment Notification,PAYMENT,100381
600382,2026-07-04 02:59:59,Synthetic notification 383 for system testing.,1,CUSTOMER,Synthetic Claim Notification,CLAIM,100382
600383,2025-06-15 19:32:28,Synthetic notification 384 for system testing.,1,CUSTOMER,Synthetic Reminder Notification,REMINDER,100383
600384,2026-05-27 02:02:42,Synthetic notification 385 for system testing.,0,CUSTOMER,Synthetic Info Notification,INFO,100384
600385,2025-05-18 13:46:16,Synthetic notification 386 for system testing.,1,CUSTOMER,Synthetic Approval Notification,APPROVAL,100385
600386,2023-01-08 00:30:20,Synthetic notification 387 for system testing.,1,CUSTOMER,Synthetic Rejection Notification,REJECTION,100386
600387,2023-07-18 03:10:04,Synthetic notification 388 for system testing.,0,CUSTOMER,Synthetic Payment Notification,PAYMENT,100387
600388,2023-11-24 05:17:00,Synthetic notification 389 for system testing.,1,CUSTOMER,Synthetic Claim Notification,CLAIM,100388
600389,2024-10-18 23:17:11,Synthetic notification 390 for system testing.,1,CUSTOMER,Synthetic Reminder Notification,REMINDER,100389
600390,2022-11-13 14:13:59,Synthetic notification 391 for system testing.,0,CUSTOMER,Synthetic Info Notification,INFO,100390
600391,2023-11-24 08:07:29,Synthetic notification 392 for system testing.,1,CUSTOMER,Synthetic Approval Notification,APPROVAL,100391
600392,2024-08-02 21:13:10,Synthetic notification 393 for system testing.,1,CUSTOMER,Synthetic Rejection Notification,REJECTION,100392
600393,2026-05-25 04:57:39,Synthetic notification 394 for system testing.,0,CUSTOMER,Synthetic Payment Notification,PAYMENT,100393
600394,2021-10-01 00:12:07,Synthetic notification 395 for system testing.,1,CUSTOMER,Synthetic Claim Notification,CLAIM,100394
600395,2024-11-11 05:41:52,Synthetic notification 396 for system testing.,1,CUSTOMER,Synthetic Reminder Notification,REMINDER,100395
600396,2022-11-30 16:53:11,Synthetic notification 397 for system testing.,0,CUSTOMER,Synthetic Info Notification,INFO,100396
600397,2023-11-25 06:18:32,Synthetic notification 398 for system testing.,1,CUSTOMER,Synthetic Approval Notification,APPROVAL,100397
600398,2025-09-25 02:15:17,Synthetic notification 399 for system testing.,1,CUSTOMER,Synthetic Rejection Notification,REJECTION,100398
600399,2023-03-05 17:18:44,Synthetic notification 400 for system testing.,0,CUSTOMER,Synthetic Payment Notification,PAYMENT,100399
600400,2023-12-30 21:37:31,Synthetic notification 401 for system testing.,1,CUSTOMER,Synthetic Claim Notification,CLAIM,100400
600401,2025-06-16 18:55:17,Synthetic notification 402 for system testing.,1,CUSTOMER,Synthetic Reminder Notification,REMINDER,100401
600402,2025-06-09 02:35:00,Synthetic notification 403 for system testing.,0,CUSTOMER,Synthetic Info Notification,INFO,100402
600403,2022-07-06 12:57:48,Synthetic notification 404 for system testing.,1,CUSTOMER,Synthetic Approval Notification,APPROVAL,100403
600404,2022-07-16 03:37:46,Synthetic notification 405 for system testing.,1,CUSTOMER,Synthetic Rejection Notification,REJECTION,100404
600405,2025-07-04 03:36:19,Synthetic notification 406 for system testing.,0,CUSTOMER,Synthetic Payment Notification,PAYMENT,100405
600406,2024-10-12 21:49:06,Synthetic notification 407 for system testing.,1,CUSTOMER,Synthetic Claim Notification,CLAIM,100406
600407,2022-09-02 09:06:59,Synthetic notification 408 for system testing.,1,CUSTOMER,Synthetic Reminder Notification,REMINDER,100407
600408,2023-03-07 20:43:09,Synthetic notification 409 for system testing.,0,CUSTOMER,Synthetic Info Notification,INFO,100408
600409,2024-06-22 11:42:38,Synthetic notification 410 for system testing.,1,CUSTOMER,Synthetic Approval Notification,APPROVAL,100409
600410,2024-05-29 15:14:46,Synthetic notification 411 for system testing.,1,CUSTOMER,Synthetic Rejection Notification,REJECTION,100410
600411,2022-06-26 04:48:10,Synthetic notification 412 for system testing.,0,CUSTOMER,Synthetic Payment Notification,PAYMENT,100411
600412,2022-07-09 10:49:51,Synthetic notification 413 for system testing.,1,CUSTOMER,Synthetic Claim Notification,CLAIM,100412
600413,2026-05-05 01:48:54,Synthetic notification 414 for system testing.,1,CUSTOMER,Synthetic Reminder Notification,REMINDER,100413
600414,2026-01-20 12:23:07,Synthetic notification 415 for system testing.,0,CUSTOMER,Synthetic Info Notification,INFO,100414
600415,2023-05-10 11:58:18,Synthetic notification 416 for system testing.,1,CUSTOMER,Synthetic Approval Notification,APPROVAL,100415
600416,2026-04-19 18:41:00,Synthetic notification 417 for system testing.,1,CUSTOMER,Synthetic Rejection Notification,REJECTION,100416
600417,2025-11-25 05:15:44,Synthetic notification 418 for system testing.,0,CUSTOMER,Synthetic Payment Notification,PAYMENT,100417
600418,2022-08-04 11:58:43,Synthetic notification 419 for system testing.,1,CUSTOMER,Synthetic Claim Notification,CLAIM,100418
600419,2022-12-20 22:55:51,Synthetic notification 420 for system testing.,1,CUSTOMER,Synthetic Reminder Notification,REMINDER,100419
600420,2023-02-24 04:55:46,Synthetic notification 421 for system testing.,0,CUSTOMER,Synthetic Info Notification,INFO,100420
600421,2025-02-17 16:42:57,Synthetic notification 422 for system testing.,1,CUSTOMER,Synthetic Approval Notification,APPROVAL,100421
600422,2024-07-20 23:06:43,Synthetic notification 423 for system testing.,1,CUSTOMER,Synthetic Rejection Notification,REJECTION,100422
600423,2023-01-26 14:51:56,Synthetic notification 424 for system testing.,0,CUSTOMER,Synthetic Payment Notification,PAYMENT,100423
600424,2022-03-11 18:57:35,Synthetic notification 425 for system testing.,1,CUSTOMER,Synthetic Claim Notification,CLAIM,100424
600425,2024-08-08 17:34:19,Synthetic notification 426 for system testing.,1,CUSTOMER,Synthetic Reminder Notification,REMINDER,100425
600426,2025-08-29 09:21:59,Synthetic notification 427 for system testing.,0,CUSTOMER,Synthetic Info Notification,INFO,100426
600427,2025-04-14 18:17:48,Synthetic notification 428 for system testing.,1,CUSTOMER,Synthetic Approval Notification,APPROVAL,100427
600428,2024-07-29 16:59:56,Synthetic notification 429 for system testing.,1,CUSTOMER,Synthetic Rejection Notification,REJECTION,100428
600429,2025-05-02 07:30:37,Synthetic notification 430 for system testing.,0,CUSTOMER,Synthetic Payment Notification,PAYMENT,100429
600430,2023-05-05 08:55:23,Synthetic notification 431 for system testing.,1,CUSTOMER,Synthetic Claim Notification,CLAIM,100430
600431,2022-05-14 15:12:34,Synthetic notification 432 for system testing.,1,CUSTOMER,Synthetic Reminder Notification,REMINDER,100431
600432,2024-01-16 18:43:15,Synthetic notification 433 for system testing.,0,CUSTOMER,Synthetic Info Notification,INFO,100432
600433,2024-02-10 00:18:37,Synthetic notification 434 for system testing.,1,CUSTOMER,Synthetic Approval Notification,APPROVAL,100433
600434,2023-08-12 10:36:47,Synthetic notification 435 for system testing.,1,CUSTOMER,Synthetic Rejection Notification,REJECTION,100434
600435,2025-11-28 22:56:55,Synthetic notification 436 for system testing.,0,CUSTOMER,Synthetic Payment Notification,PAYMENT,100435
600436,2024-12-26 02:38:59,Synthetic notification 437 for system testing.,1,CUSTOMER,Synthetic Claim Notification,CLAIM,100436
600437,2024-12-14 03:40:56,Synthetic notification 438 for system testing.,1,CUSTOMER,Synthetic Reminder Notification,REMINDER,100437
600438,2026-05-06 18:18:59,Synthetic notification 439 for system testing.,0,CUSTOMER,Synthetic Info Notification,INFO,100438
600439,2022-05-17 09:42:23,Synthetic notification 440 for system testing.,1,CUSTOMER,Synthetic Approval Notification,APPROVAL,100439
600440,2024-11-28 15:50:28,Synthetic notification 441 for system testing.,1,CUSTOMER,Synthetic Rejection Notification,REJECTION,100440
600441,2026-05-05 10:28:26,Synthetic notification 442 for system testing.,0,CUSTOMER,Synthetic Payment Notification,PAYMENT,100441
600442,2026-04-11 16:24:29,Synthetic notification 443 for system testing.,1,CUSTOMER,Synthetic Claim Notification,CLAIM,100442
600443,2022-09-07 05:51:02,Synthetic notification 444 for system testing.,1,CUSTOMER,Synthetic Reminder Notification,REMINDER,100443
600444,2024-09-29 01:25:56,Synthetic notification 445 for system testing.,0,CUSTOMER,Synthetic Info Notification,INFO,100444
600445,2024-06-26 03:28:41,Synthetic notification 446 for system testing.,1,CUSTOMER,Synthetic Approval Notification,APPROVAL,100445
600446,2024-11-23 06:14:28,Synthetic notification 447 for system testing.,1,CUSTOMER,Synthetic Rejection Notification,REJECTION,100446
600447,2021-11-22 03:28:49,Synthetic notification 448 for system testing.,0,CUSTOMER,Synthetic Payment Notification,PAYMENT,100447
600448,2024-10-16 23:34:34,Synthetic notification 449 for system testing.,1,CUSTOMER,Synthetic Claim Notification,CLAIM,100448
600449,2022-07-18 12:22:34,Synthetic notification 450 for system testing.,1,CUSTOMER,Synthetic Reminder Notification,REMINDER,100449
600450,2026-03-29 19:59:25,Synthetic notification 451 for system testing.,0,CUSTOMER,Synthetic Info Notification,INFO,100450
600451,2024-07-28 18:49:42,Synthetic notification 452 for system testing.,1,CUSTOMER,Synthetic Approval Notification,APPROVAL,100451
600452,2024-08-01 15:34:02,Synthetic notification 453 for system testing.,1,CUSTOMER,Synthetic Rejection Notification,REJECTION,100452
600453,2023-01-16 04:09:09,Synthetic notification 454 for system testing.,0,CUSTOMER,Synthetic Payment Notification,PAYMENT,100453
600454,2023-04-01 20:58:07,Synthetic notification 455 for system testing.,1,CUSTOMER,Synthetic Claim Notification,CLAIM,100454
600455,2024-08-16 14:24:33,Synthetic notification 456 for system testing.,1,CUSTOMER,Synthetic Reminder Notification,REMINDER,100455
600456,2023-08-26 07:39:35,Synthetic notification 457 for system testing.,0,CUSTOMER,Synthetic Info Notification,INFO,100456
600457,2023-08-04 15:53:50,Synthetic notification 458 for system testing.,1,CUSTOMER,Synthetic Approval Notification,APPROVAL,100457
600458,2022-07-20 06:36:45,Synthetic notification 459 for system testing.,1,CUSTOMER,Synthetic Rejection Notification,REJECTION,100458
600459,2024-02-03 03:30:40,Synthetic notification 460 for system testing.,0,CUSTOMER,Synthetic Payment Notification,PAYMENT,100459
600460,2026-06-15 07:47:41,Synthetic notification 461 for system testing.,1,CUSTOMER,Synthetic Claim Notification,CLAIM,100460
600461,2021-12-16 12:38:18,Synthetic notification 462 for system testing.,1,CUSTOMER,Synthetic Reminder Notification,REMINDER,100461
600462,2024-01-25 00:58:46,Synthetic notification 463 for system testing.,0,CUSTOMER,Synthetic Info Notification,INFO,100462
600463,2024-03-01 09:03:03,Synthetic notification 464 for system testing.,1,CUSTOMER,Synthetic Approval Notification,APPROVAL,100463
600464,2026-03-03 16:33:22,Synthetic notification 465 for system testing.,1,CUSTOMER,Synthetic Rejection Notification,REJECTION,100464
600465,2021-12-11 06:35:48,Synthetic notification 466 for system testing.,0,CUSTOMER,Synthetic Payment Notification,PAYMENT,100465
600466,2024-05-06 09:23:11,Synthetic notification 467 for system testing.,1,CUSTOMER,Synthetic Claim Notification,CLAIM,100466
600467,2025-12-10 07:27:40,Synthetic notification 468 for system testing.,1,CUSTOMER,Synthetic Reminder Notification,REMINDER,100467
600468,2022-05-09 21:51:39,Synthetic notification 469 for system testing.,0,CUSTOMER,Synthetic Info Notification,INFO,100468
600469,2022-05-15 17:13:30,Synthetic notification 470 for system testing.,1,CUSTOMER,Synthetic Approval Notification,APPROVAL,100469
600470,2024-05-03 14:35:54,Synthetic notification 471 for system testing.,1,CUSTOMER,Synthetic Rejection Notification,REJECTION,100470
600471,2025-06-19 14:38:01,Synthetic notification 472 for system testing.,0,CUSTOMER,Synthetic Payment Notification,PAYMENT,100471
600472,2022-02-04 10:17:58,Synthetic notification 473 for system testing.,1,CUSTOMER,Synthetic Claim Notification,CLAIM,100472
600473,2022-06-30 00:50:15,Synthetic notification 474 for system testing.,1,CUSTOMER,Synthetic Reminder Notification,REMINDER,100473
600474,2024-07-27 04:43:32,Synthetic notification 475 for system testing.,0,CUSTOMER,Synthetic Info Notification,INFO,100474
600475,2024-03-23 22:19:21,Synthetic notification 476 for system testing.,1,CUSTOMER,Synthetic Approval Notification,APPROVAL,100475
600476,2023-07-25 03:21:22,Synthetic notification 477 for system testing.,1,CUSTOMER,Synthetic Rejection Notification,REJECTION,100476
600477,2022-03-13 00:35:38,Synthetic notification 478 for system testing.,0,CUSTOMER,Synthetic Payment Notification,PAYMENT,100477
600478,2023-08-11 16:36:34,Synthetic notification 479 for system testing.,1,CUSTOMER,Synthetic Claim Notification,CLAIM,100478
600479,2024-10-21 14:06:30,Synthetic notification 480 for system testing.,1,CUSTOMER,Synthetic Reminder Notification,REMINDER,100479
600480,2022-10-20 12:29:01,Synthetic notification 481 for system testing.,0,CUSTOMER,Synthetic Info Notification,INFO,100480
600481,2023-12-18 02:01:56,Synthetic notification 482 for system testing.,1,CUSTOMER,Synthetic Approval Notification,APPROVAL,100481
600482,2024-05-15 11:21:11,Synthetic notification 483 for system testing.,1,CUSTOMER,Synthetic Rejection Notification,REJECTION,100482
600483,2023-01-31 02:09:38,Synthetic notification 484 for system testing.,0,CUSTOMER,Synthetic Payment Notification,PAYMENT,100483
600484,2022-11-16 08:05:47,Synthetic notification 485 for system testing.,1,CUSTOMER,Synthetic Claim Notification,CLAIM,100484
600485,2026-05-25 20:10:37,Synthetic notification 486 for system testing.,1,CUSTOMER,Synthetic Reminder Notification,REMINDER,100485
600486,2026-06-29 18:25:43,Synthetic notification 487 for system testing.,0,CUSTOMER,Synthetic Info Notification,INFO,100486
600487,2025-02-26 08:45:40,Synthetic notification 488 for system testing.,1,CUSTOMER,Synthetic Approval Notification,APPROVAL,100487
600488,2023-03-30 03:00:21,Synthetic notification 489 for system testing.,1,CUSTOMER,Synthetic Rejection Notification,REJECTION,100488
600489,2023-06-18 13:28:17,Synthetic notification 490 for system testing.,0,CUSTOMER,Synthetic Payment Notification,PAYMENT,100489
600490,2023-01-28 14:10:04,Synthetic notification 491 for system testing.,1,CUSTOMER,Synthetic Claim Notification,CLAIM,100490
600491,2023-06-15 05:32:13,Synthetic notification 492 for system testing.,1,CUSTOMER,Synthetic Reminder Notification,REMINDER,100491
600492,2021-11-23 00:54:58,Synthetic notification 493 for system testing.,0,CUSTOMER,Synthetic Info Notification,INFO,100492
600493,2022-11-28 04:41:42,Synthetic notification 494 for system testing.,1,CUSTOMER,Synthetic Approval Notification,APPROVAL,100493
600494,2025-12-06 00:11:18,Synthetic notification 495 for system testing.,1,CUSTOMER,Synthetic Rejection Notification,REJECTION,100494
600495,2024-10-27 09:07:30,Synthetic notification 496 for system testing.,0,CUSTOMER,Synthetic Payment Notification,PAYMENT,100495
600496,2023-11-03 10:23:01,Synthetic notification 497 for system testing.,1,CUSTOMER,Synthetic Claim Notification,CLAIM,100496
600497,2025-11-04 10:13:37,Synthetic notification 498 for system testing.,1,CUSTOMER,Synthetic Reminder Notification,REMINDER,100497
600498,2026-01-27 08:52:47,Synthetic notification 499 for system testing.,0,CUSTOMER,Synthetic Info Notification,INFO,100498
600499,2021-11-13 18:58:12,Synthetic notification 500 for system testing.,1,CUSTOMER,Synthetic Approval Notification,APPROVAL,100499
600500,2024-01-11 14:03:24,Synthetic notification 501 for system testing.,1,CUSTOMER,Synthetic Rejection Notification,REJECTION,100500
600501,2024-08-21 23:55:03,Synthetic notification 502 for system testing.,0,CUSTOMER,Synthetic Payment Notification,PAYMENT,100501
600502,2025-07-21 09:02:06,Synthetic notification 503 for system testing.,1,CUSTOMER,Synthetic Claim Notification,CLAIM,100502
600503,2023-06-18 01:08:19,Synthetic notification 504 for system testing.,1,CUSTOMER,Synthetic Reminder Notification,REMINDER,100503
600504,2024-12-09 09:01:15,Synthetic notification 505 for system testing.,0,CUSTOMER,Synthetic Info Notification,INFO,100504
600505,2023-05-19 05:05:05,Synthetic notification 506 for system testing.,1,CUSTOMER,Synthetic Approval Notification,APPROVAL,100505
600506,2021-11-15 13:16:45,Synthetic notification 507 for system testing.,1,CUSTOMER,Synthetic Rejection Notification,REJECTION,100506
600507,2024-11-30 02:12:24,Synthetic notification 508 for system testing.,0,CUSTOMER,Synthetic Payment Notification,PAYMENT,100507
600508,2026-06-17 13:48:26,Synthetic notification 509 for system testing.,1,CUSTOMER,Synthetic Claim Notification,CLAIM,100508
600509,2022-06-24 21:52:56,Synthetic notification 510 for system testing.,1,CUSTOMER,Synthetic Reminder Notification,REMINDER,100509
600510,2025-08-26 02:51:01,Synthetic notification 511 for system testing.,0,CUSTOMER,Synthetic Info Notification,INFO,100510
600511,2023-11-12 13:20:26,Synthetic notification 512 for system testing.,1,CUSTOMER,Synthetic Approval Notification,APPROVAL,100511
600512,2025-10-25 12:27:12,Synthetic notification 513 for system testing.,1,CUSTOMER,Synthetic Rejection Notification,REJECTION,100512
600513,2023-01-02 17:05:03,Synthetic notification 514 for system testing.,0,CUSTOMER,Synthetic Payment Notification,PAYMENT,100513
600514,2024-10-24 20:27:00,Synthetic notification 515 for system testing.,1,CUSTOMER,Synthetic Claim Notification,CLAIM,100514
600515,2023-08-27 16:44:30,Synthetic notification 516 for system testing.,1,CUSTOMER,Synthetic Reminder Notification,REMINDER,100515
600516,2022-01-27 20:04:58,Synthetic notification 517 for system testing.,0,CUSTOMER,Synthetic Info Notification,INFO,100516
600517,2024-05-30 10:49:54,Synthetic notification 518 for system testing.,1,CUSTOMER,Synthetic Approval Notification,APPROVAL,100517
600518,2025-03-08 22:49:24,Synthetic notification 519 for system testing.,1,CUSTOMER,Synthetic Rejection Notification,REJECTION,100518
600519,2022-04-28 14:08:04,Synthetic notification 520 for system testing.,0,CUSTOMER,Synthetic Payment Notification,PAYMENT,100519
600520,2026-01-28 19:36:57,Synthetic notification 521 for system testing.,1,CUSTOMER,Synthetic Claim Notification,CLAIM,100520
600521,2025-12-11 01:48:26,Synthetic notification 522 for system testing.,1,CUSTOMER,Synthetic Reminder Notification,REMINDER,100521
600522,2026-08-14 13:28:27,Synthetic notification 523 for system testing.,0,CUSTOMER,Synthetic Info Notification,INFO,100522
600523,2023-04-04 18:53:05,Synthetic notification 524 for system testing.,1,CUSTOMER,Synthetic Approval Notification,APPROVAL,100523
600524,2023-12-20 07:38:26,Synthetic notification 525 for system testing.,1,CUSTOMER,Synthetic Rejection Notification,REJECTION,100524
600525,2021-09-29 09:32:05,Synthetic notification 526 for system testing.,0,CUSTOMER,Synthetic Payment Notification,PAYMENT,100525
600526,2021-12-02 23:29:30,Synthetic notification 527 for system testing.,1,CUSTOMER,Synthetic Claim Notification,CLAIM,100526
600527,2024-12-01 12:28:15,Synthetic notification 528 for system testing.,1,CUSTOMER,Synthetic Reminder Notification,REMINDER,100527
600528,2026-05-22 09:21:39,Synthetic notification 529 for system testing.,0,CUSTOMER,Synthetic Info Notification,INFO,100528
600529,2025-08-07 19:09:37,Synthetic notification 530 for system testing.,1,CUSTOMER,Synthetic Approval Notification,APPROVAL,100529
600530,2024-10-10 19:54:34,Synthetic notification 531 for system testing.,1,CUSTOMER,Synthetic Rejection Notification,REJECTION,100530
600531,2022-05-04 14:17:46,Synthetic notification 532 for system testing.,0,CUSTOMER,Synthetic Payment Notification,PAYMENT,100531
600532,2024-04-30 16:05:07,Synthetic notification 533 for system testing.,1,CUSTOMER,Synthetic Claim Notification,CLAIM,100532
600533,2024-11-02 09:21:01,Synthetic notification 534 for system testing.,1,CUSTOMER,Synthetic Reminder Notification,REMINDER,100533
600534,2025-12-29 04:13:20,Synthetic notification 535 for system testing.,0,CUSTOMER,Synthetic Info Notification,INFO,100534
600535,2022-07-30 11:25:38,Synthetic notification 536 for system testing.,1,CUSTOMER,Synthetic Approval Notification,APPROVAL,100535
600536,2023-12-21 02:32:41,Synthetic notification 537 for system testing.,1,CUSTOMER,Synthetic Rejection Notification,REJECTION,100536
600537,2022-03-18 10:24:49,Synthetic notification 538 for system testing.,0,CUSTOMER,Synthetic Payment Notification,PAYMENT,100537
600538,2025-03-05 17:19:15,Synthetic notification 539 for system testing.,1,CUSTOMER,Synthetic Claim Notification,CLAIM,100538
600539,2024-03-14 18:37:45,Synthetic notification 540 for system testing.,1,CUSTOMER,Synthetic Reminder Notification,REMINDER,100539
600540,2023-01-02 07:20:53,Synthetic notification 541 for system testing.,0,CUSTOMER,Synthetic Info Notification,INFO,100540
600541,2024-10-16 21:59:04,Synthetic notification 542 for system testing.,1,CUSTOMER,Synthetic Approval Notification,APPROVAL,100541
600542,2021-11-27 09:58:08,Synthetic notification 543 for system testing.,1,CUSTOMER,Synthetic Rejection Notification,REJECTION,100542
600543,2021-09-25 05:46:35,Synthetic notification 544 for system testing.,0,CUSTOMER,Synthetic Payment Notification,PAYMENT,100543
600544,2022-07-14 14:23:06,Synthetic notification 545 for system testing.,1,CUSTOMER,Synthetic Claim Notification,CLAIM,100544
600545,2025-12-12 05:49:03,Synthetic notification 546 for system testing.,1,CUSTOMER,Synthetic Reminder Notification,REMINDER,100545
600546,2026-06-08 16:15:39,Synthetic notification 547 for system testing.,0,CUSTOMER,Synthetic Info Notification,INFO,100546
600547,2021-09-04 11:01:22,Synthetic notification 548 for system testing.,1,CUSTOMER,Synthetic Approval Notification,APPROVAL,100547
600548,2024-09-03 06:54:33,Synthetic notification 549 for system testing.,1,CUSTOMER,Synthetic Rejection Notification,REJECTION,100548
600549,2025-12-06 11:54:02,Synthetic notification 550 for system testing.,0,CUSTOMER,Synthetic Payment Notification,PAYMENT,100549
600550,2024-05-27 08:42:36,Synthetic notification 551 for system testing.,1,CUSTOMER,Synthetic Claim Notification,CLAIM,100550
600551,2026-06-12 14:23:16,Synthetic notification 552 for system testing.,1,CUSTOMER,Synthetic Reminder Notification,REMINDER,100551
600552,2021-09-29 22:10:25,Synthetic notification 553 for system testing.,0,CUSTOMER,Synthetic Info Notification,INFO,100552
600553,2026-01-03 01:24:32,Synthetic notification 554 for system testing.,1,CUSTOMER,Synthetic Approval Notification,APPROVAL,100553
600554,2026-04-21 09:07:38,Synthetic notification 555 for system testing.,1,CUSTOMER,Synthetic Rejection Notification,REJECTION,100554
600555,2022-01-07 02:20:54,Synthetic notification 556 for system testing.,0,CUSTOMER,Synthetic Payment Notification,PAYMENT,100555
600556,2021-09-24 11:11:45,Synthetic notification 557 for system testing.,1,CUSTOMER,Synthetic Claim Notification,CLAIM,100556
600557,2022-05-11 02:52:08,Synthetic notification 558 for system testing.,1,CUSTOMER,Synthetic Reminder Notification,REMINDER,100557
600558,2022-12-30 21:10:33,Synthetic notification 559 for system testing.,0,CUSTOMER,Synthetic Info Notification,INFO,100558
600559,2025-03-09 17:40:09,Synthetic notification 560 for system testing.,1,CUSTOMER,Synthetic Approval Notification,APPROVAL,100559
600560,2023-08-02 03:14:05,Synthetic notification 561 for system testing.,1,CUSTOMER,Synthetic Rejection Notification,REJECTION,100560
600561,2023-03-12 08:23:20,Synthetic notification 562 for system testing.,0,CUSTOMER,Synthetic Payment Notification,PAYMENT,100561
600562,2025-11-30 01:03:46,Synthetic notification 563 for system testing.,1,CUSTOMER,Synthetic Claim Notification,CLAIM,100562
600563,2026-05-21 09:23:52,Synthetic notification 564 for system testing.,1,CUSTOMER,Synthetic Reminder Notification,REMINDER,100563
600564,2026-08-11 03:48:34,Synthetic notification 565 for system testing.,0,CUSTOMER,Synthetic Info Notification,INFO,100564
600565,2025-09-18 18:45:24,Synthetic notification 566 for system testing.,1,CUSTOMER,Synthetic Approval Notification,APPROVAL,100565
600566,2022-11-25 02:08:53,Synthetic notification 567 for system testing.,1,CUSTOMER,Synthetic Rejection Notification,REJECTION,100566
600567,2023-08-18 12:50:04,Synthetic notification 568 for system testing.,0,CUSTOMER,Synthetic Payment Notification,PAYMENT,100567
600568,2024-05-25 02:36:39,Synthetic notification 569 for system testing.,1,CUSTOMER,Synthetic Claim Notification,CLAIM,100568
600569,2021-10-19 22:55:03,Synthetic notification 570 for system testing.,1,CUSTOMER,Synthetic Reminder Notification,REMINDER,100569
600570,2021-09-27 15:34:17,Synthetic notification 571 for system testing.,0,CUSTOMER,Synthetic Info Notification,INFO,100570
600571,2026-07-30 15:14:30,Synthetic notification 572 for system testing.,1,CUSTOMER,Synthetic Approval Notification,APPROVAL,100571
600572,2024-12-27 01:21:41,Synthetic notification 573 for system testing.,1,CUSTOMER,Synthetic Rejection Notification,REJECTION,100572
600573,2023-11-14 19:10:45,Synthetic notification 574 for system testing.,0,CUSTOMER,Synthetic Payment Notification,PAYMENT,100573
600574,2025-09-12 04:33:45,Synthetic notification 575 for system testing.,1,CUSTOMER,Synthetic Claim Notification,CLAIM,100574
600575,2021-12-15 13:31:04,Synthetic notification 576 for system testing.,1,CUSTOMER,Synthetic Reminder Notification,REMINDER,100575
600576,2022-09-02 07:20:23,Synthetic notification 577 for system testing.,0,CUSTOMER,Synthetic Info Notification,INFO,100576
600577,2021-11-25 00:12:01,Synthetic notification 578 for system testing.,1,CUSTOMER,Synthetic Approval Notification,APPROVAL,100577
600578,2024-09-29 22:08:04,Synthetic notification 579 for system testing.,1,CUSTOMER,Synthetic Rejection Notification,REJECTION,100578
600579,2024-12-04 20:32:01,Synthetic notification 580 for system testing.,0,CUSTOMER,Synthetic Payment Notification,PAYMENT,100579
600580,2022-05-19 13:54:45,Synthetic notification 581 for system testing.,1,CUSTOMER,Synthetic Claim Notification,CLAIM,100580
600581,2024-09-24 22:59:47,Synthetic notification 582 for system testing.,1,CUSTOMER,Synthetic Reminder Notification,REMINDER,100581
600582,2025-12-04 20:50:55,Synthetic notification 583 for system testing.,0,CUSTOMER,Synthetic Info Notification,INFO,100582
600583,2026-03-15 02:32:29,Synthetic notification 584 for system testing.,1,CUSTOMER,Synthetic Approval Notification,APPROVAL,100583
600584,2023-08-31 11:29:21,Synthetic notification 585 for system testing.,1,CUSTOMER,Synthetic Rejection Notification,REJECTION,100584
600585,2024-07-27 21:30:18,Synthetic notification 586 for system testing.,0,CUSTOMER,Synthetic Payment Notification,PAYMENT,100585
600586,2023-06-28 15:45:23,Synthetic notification 587 for system testing.,1,CUSTOMER,Synthetic Claim Notification,CLAIM,100586
600587,2022-11-11 21:03:54,Synthetic notification 588 for system testing.,1,CUSTOMER,Synthetic Reminder Notification,REMINDER,100587
600588,2024-11-27 03:07:51,Synthetic notification 589 for system testing.,0,CUSTOMER,Synthetic Info Notification,INFO,100588
600589,2025-07-18 06:22:40,Synthetic notification 590 for system testing.,1,CUSTOMER,Synthetic Approval Notification,APPROVAL,100589
600590,2023-08-26 17:11:00,Synthetic notification 591 for system testing.,1,CUSTOMER,Synthetic Rejection Notification,REJECTION,100590
600591,2024-05-19 16:11:38,Synthetic notification 592 for system testing.,0,CUSTOMER,Synthetic Payment Notification,PAYMENT,100591
600592,2024-07-10 12:32:49,Synthetic notification 593 for system testing.,1,CUSTOMER,Synthetic Claim Notification,CLAIM,100592
600593,2026-03-25 07:20:11,Synthetic notification 594 for system testing.,1,CUSTOMER,Synthetic Reminder Notification,REMINDER,100593
600594,2026-03-27 07:57:03,Synthetic notification 595 for system testing.,0,CUSTOMER,Synthetic Info Notification,INFO,100594
600595,2022-04-26 16:11:22,Synthetic notification 596 for system testing.,1,CUSTOMER,Synthetic Approval Notification,APPROVAL,100595
600596,2022-04-09 16:36:53,Synthetic notification 597 for system testing.,1,CUSTOMER,Synthetic Rejection Notification,REJECTION,100596
600597,2023-04-23 19:38:20,Synthetic notification 598 for system testing.,0,CUSTOMER,Synthetic Payment Notification,PAYMENT,100597
600598,2026-06-17 03:42:12,Synthetic notification 599 for system testing.,1,CUSTOMER,Synthetic Claim Notification,CLAIM,100598
600599,2023-08-18 23:23:55,Synthetic notification 600 for system testing.,1,CUSTOMER,Synthetic Reminder Notification,REMINDER,100599
600600,2025-07-26 11:26:01,Synthetic notification 601 for system testing.,0,CUSTOMER,Synthetic Info Notification,INFO,100600
600601,2024-01-14 09:51:21,Synthetic notification 602 for system testing.,1,CUSTOMER,Synthetic Approval Notification,APPROVAL,100601
600602,2026-02-15 11:02:36,Synthetic notification 603 for system testing.,1,CUSTOMER,Synthetic Rejection Notification,REJECTION,100602
600603,2021-12-22 09:39:50,Synthetic notification 604 for system testing.,0,CUSTOMER,Synthetic Payment Notification,PAYMENT,100603
600604,2022-03-30 12:18:17,Synthetic notification 605 for system testing.,1,CUSTOMER,Synthetic Claim Notification,CLAIM,100604
600605,2023-09-13 13:10:50,Synthetic notification 606 for system testing.,1,CUSTOMER,Synthetic Reminder Notification,REMINDER,100605
600606,2024-03-30 15:34:37,Synthetic notification 607 for system testing.,0,CUSTOMER,Synthetic Info Notification,INFO,100606
600607,2021-09-14 13:15:30,Synthetic notification 608 for system testing.,1,CUSTOMER,Synthetic Approval Notification,APPROVAL,100607
600608,2022-05-20 02:23:03,Synthetic notification 609 for system testing.,1,CUSTOMER,Synthetic Rejection Notification,REJECTION,100608
600609,2025-09-29 21:22:38,Synthetic notification 610 for system testing.,0,CUSTOMER,Synthetic Payment Notification,PAYMENT,100609
600610,2025-02-03 06:53:40,Synthetic notification 611 for system testing.,1,CUSTOMER,Synthetic Claim Notification,CLAIM,100610
600611,2024-01-03 20:20:38,Synthetic notification 612 for system testing.,1,CUSTOMER,Synthetic Reminder Notification,REMINDER,100611
600612,2023-01-07 18:36:24,Synthetic notification 613 for system testing.,0,CUSTOMER,Synthetic Info Notification,INFO,100612
600613,2022-04-15 09:53:55,Synthetic notification 614 for system testing.,1,CUSTOMER,Synthetic Approval Notification,APPROVAL,100613
600614,2024-09-15 14:06:33,Synthetic notification 615 for system testing.,1,CUSTOMER,Synthetic Rejection Notification,REJECTION,100614
600615,2025-01-20 13:16:36,Synthetic notification 616 for system testing.,0,CUSTOMER,Synthetic Payment Notification,PAYMENT,100615
600616,2023-04-18 16:27:43,Synthetic notification 617 for system testing.,1,CUSTOMER,Synthetic Claim Notification,CLAIM,100616
600617,2022-10-28 08:15:42,Synthetic notification 618 for system testing.,1,CUSTOMER,Synthetic Reminder Notification,REMINDER,100617
600618,2023-04-28 20:12:10,Synthetic notification 619 for system testing.,0,CUSTOMER,Synthetic Info Notification,INFO,100618
600619,2022-08-03 01:00:47,Synthetic notification 620 for system testing.,1,CUSTOMER,Synthetic Approval Notification,APPROVAL,100619
600620,2024-01-05 19:45:12,Synthetic notification 621 for system testing.,1,CUSTOMER,Synthetic Rejection Notification,REJECTION,100620
600621,2025-04-04 06:42:49,Synthetic notification 622 for system testing.,0,CUSTOMER,Synthetic Payment Notification,PAYMENT,100621
600622,2024-06-19 02:52:27,Synthetic notification 623 for system testing.,1,CUSTOMER,Synthetic Claim Notification,CLAIM,100622
600623,2026-04-10 17:24:39,Synthetic notification 624 for system testing.,1,CUSTOMER,Synthetic Reminder Notification,REMINDER,100623
600624,2022-03-04 00:00:35,Synthetic notification 625 for system testing.,0,CUSTOMER,Synthetic Info Notification,INFO,100624
600625,2024-09-05 14:43:34,Synthetic notification 626 for system testing.,1,CUSTOMER,Synthetic Approval Notification,APPROVAL,100625
600626,2023-08-11 13:29:43,Synthetic notification 627 for system testing.,1,CUSTOMER,Synthetic Rejection Notification,REJECTION,100626
600627,2026-02-01 21:00:13,Synthetic notification 628 for system testing.,0,CUSTOMER,Synthetic Payment Notification,PAYMENT,100627
600628,2024-05-12 22:21:48,Synthetic notification 629 for system testing.,1,CUSTOMER,Synthetic Claim Notification,CLAIM,100628
600629,2021-09-03 12:14:23,Synthetic notification 630 for system testing.,1,CUSTOMER,Synthetic Reminder Notification,REMINDER,100629
600630,2023-08-28 21:06:06,Synthetic notification 631 for system testing.,0,CUSTOMER,Synthetic Info Notification,INFO,100630
600631,2024-01-04 06:09:39,Synthetic notification 632 for system testing.,1,CUSTOMER,Synthetic Approval Notification,APPROVAL,100631
600632,2025-06-23 23:34:07,Synthetic notification 633 for system testing.,1,CUSTOMER,Synthetic Rejection Notification,REJECTION,100632
600633,2021-11-17 05:39:32,Synthetic notification 634 for system testing.,0,CUSTOMER,Synthetic Payment Notification,PAYMENT,100633
600634,2022-12-12 13:37:37,Synthetic notification 635 for system testing.,1,CUSTOMER,Synthetic Claim Notification,CLAIM,100634
600635,2026-08-27 08:27:58,Synthetic notification 636 for system testing.,1,CUSTOMER,Synthetic Reminder Notification,REMINDER,100635
600636,2023-10-31 11:15:37,Synthetic notification 637 for system testing.,0,CUSTOMER,Synthetic Info Notification,INFO,100636
600637,2025-02-09 12:55:09,Synthetic notification 638 for system testing.,1,CUSTOMER,Synthetic Approval Notification,APPROVAL,100637
600638,2022-04-01 09:53:26,Synthetic notification 639 for system testing.,1,CUSTOMER,Synthetic Rejection Notification,REJECTION,100638
600639,2022-01-22 08:02:36,Synthetic notification 640 for system testing.,0,CUSTOMER,Synthetic Payment Notification,PAYMENT,100639
600640,2025-02-23 22:17:37,Synthetic notification 641 for system testing.,1,CUSTOMER,Synthetic Claim Notification,CLAIM,100640
600641,2023-02-06 17:40:10,Synthetic notification 642 for system testing.,1,CUSTOMER,Synthetic Reminder Notification,REMINDER,100641
600642,2026-03-10 06:11:28,Synthetic notification 643 for system testing.,0,CUSTOMER,Synthetic Info Notification,INFO,100642
600643,2024-03-16 21:55:54,Synthetic notification 644 for system testing.,1,CUSTOMER,Synthetic Approval Notification,APPROVAL,100643
600644,2025-04-20 14:02:28,Synthetic notification 645 for system testing.,1,CUSTOMER,Synthetic Rejection Notification,REJECTION,100644
600645,2025-10-17 04:59:20,Synthetic notification 646 for system testing.,0,CUSTOMER,Synthetic Payment Notification,PAYMENT,100645
600646,2022-06-10 00:47:39,Synthetic notification 647 for system testing.,1,CUSTOMER,Synthetic Claim Notification,CLAIM,100646
600647,2024-03-23 22:53:55,Synthetic notification 648 for system testing.,1,CUSTOMER,Synthetic Reminder Notification,REMINDER,100647
600648,2022-08-31 11:25:21,Synthetic notification 649 for system testing.,0,CUSTOMER,Synthetic Info Notification,INFO,100648
600649,2022-11-19 17:06:06,Synthetic notification 650 for system testing.,1,CUSTOMER,Synthetic Approval Notification,APPROVAL,100649
600650,2021-12-25 19:47:17,Synthetic notification 651 for system testing.,1,CUSTOMER,Synthetic Rejection Notification,REJECTION,100650
600651,2025-04-29 02:17:17,Synthetic notification 652 for system testing.,0,CUSTOMER,Synthetic Payment Notification,PAYMENT,100651
600652,2024-10-09 08:35:02,Synthetic notification 653 for system testing.,1,CUSTOMER,Synthetic Claim Notification,CLAIM,100652
600653,2023-10-29 21:42:44,Synthetic notification 654 for system testing.,1,CUSTOMER,Synthetic Reminder Notification,REMINDER,100653
600654,2025-08-15 05:42:36,Synthetic notification 655 for system testing.,0,CUSTOMER,Synthetic Info Notification,INFO,100654
600655,2026-01-18 23:34:43,Synthetic notification 656 for system testing.,1,CUSTOMER,Synthetic Approval Notification,APPROVAL,100655
600656,2023-03-03 08:25:20,Synthetic notification 657 for system testing.,1,CUSTOMER,Synthetic Rejection Notification,REJECTION,100656
600657,2025-12-30 20:58:33,Synthetic notification 658 for system testing.,0,CUSTOMER,Synthetic Payment Notification,PAYMENT,100657
600658,2025-03-21 21:18:34,Synthetic notification 659 for system testing.,1,CUSTOMER,Synthetic Claim Notification,CLAIM,100658
600659,2026-01-09 09:34:40,Synthetic notification 660 for system testing.,1,CUSTOMER,Synthetic Reminder Notification,REMINDER,100659
600660,2022-11-01 03:16:38,Synthetic notification 661 for system testing.,0,CUSTOMER,Synthetic Info Notification,INFO,100660
600661,2022-03-07 04:39:53,Synthetic notification 662 for system testing.,1,CUSTOMER,Synthetic Approval Notification,APPROVAL,100661
600662,2021-10-30 02:38:40,Synthetic notification 663 for system testing.,1,CUSTOMER,Synthetic Rejection Notification,REJECTION,100662
600663,2025-03-15 22:24:26,Synthetic notification 664 for system testing.,0,CUSTOMER,Synthetic Payment Notification,PAYMENT,100663
600664,2023-11-27 09:02:09,Synthetic notification 665 for system testing.,1,CUSTOMER,Synthetic Claim Notification,CLAIM,100664
600665,2025-11-22 13:54:43,Synthetic notification 666 for system testing.,1,CUSTOMER,Synthetic Reminder Notification,REMINDER,100665
600666,2025-02-16 01:47:40,Synthetic notification 667 for system testing.,0,CUSTOMER,Synthetic Info Notification,INFO,100666
600667,2024-07-31 16:08:09,Synthetic notification 668 for system testing.,1,CUSTOMER,Synthetic Approval Notification,APPROVAL,100667
600668,2024-03-26 13:02:37,Synthetic notification 669 for system testing.,1,CUSTOMER,Synthetic Rejection Notification,REJECTION,100668
600669,2024-05-02 18:01:17,Synthetic notification 670 for system testing.,0,CUSTOMER,Synthetic Payment Notification,PAYMENT,100669
600670,2024-01-10 11:17:59,Synthetic notification 671 for system testing.,1,CUSTOMER,Synthetic Claim Notification,CLAIM,100670
600671,2024-11-02 09:46:46,Synthetic notification 672 for system testing.,1,CUSTOMER,Synthetic Reminder Notification,REMINDER,100671
600672,2025-03-04 23:37:17,Synthetic notification 673 for system testing.,0,CUSTOMER,Synthetic Info Notification,INFO,100672
600673,2024-03-22 19:38:54,Synthetic notification 674 for system testing.,1,CUSTOMER,Synthetic Approval Notification,APPROVAL,100673
600674,2022-10-02 22:44:11,Synthetic notification 675 for system testing.,1,CUSTOMER,Synthetic Rejection Notification,REJECTION,100674
600675,2023-06-09 13:27:52,Synthetic notification 676 for system testing.,0,CUSTOMER,Synthetic Payment Notification,PAYMENT,100675
600676,2026-06-30 05:17:37,Synthetic notification 677 for system testing.,1,CUSTOMER,Synthetic Claim Notification,CLAIM,100676
600677,2022-05-12 19:34:21,Synthetic notification 678 for system testing.,1,CUSTOMER,Synthetic Reminder Notification,REMINDER,100677
600678,2024-06-18 18:49:31,Synthetic notification 679 for system testing.,0,CUSTOMER,Synthetic Info Notification,INFO,100678
600679,2022-11-01 17:58:16,Synthetic notification 680 for system testing.,1,CUSTOMER,Synthetic Approval Notification,APPROVAL,100679
600680,2023-11-16 12:33:59,Synthetic notification 681 for system testing.,1,CUSTOMER,Synthetic Rejection Notification,REJECTION,100680
600681,2025-08-24 12:38:04,Synthetic notification 682 for system testing.,0,CUSTOMER,Synthetic Payment Notification,PAYMENT,100681
600682,2023-10-16 07:18:34,Synthetic notification 683 for system testing.,1,CUSTOMER,Synthetic Claim Notification,CLAIM,100682
600683,2026-02-10 22:20:58,Synthetic notification 684 for system testing.,1,CUSTOMER,Synthetic Reminder Notification,REMINDER,100683
600684,2025-12-03 08:14:28,Synthetic notification 685 for system testing.,0,CUSTOMER,Synthetic Info Notification,INFO,100684
600685,2025-05-01 03:21:37,Synthetic notification 686 for system testing.,1,CUSTOMER,Synthetic Approval Notification,APPROVAL,100685
600686,2023-06-06 20:42:21,Synthetic notification 687 for system testing.,1,CUSTOMER,Synthetic Rejection Notification,REJECTION,100686
600687,2022-03-12 12:00:32,Synthetic notification 688 for system testing.,0,CUSTOMER,Synthetic Payment Notification,PAYMENT,100687
600688,2025-06-03 00:06:20,Synthetic notification 689 for system testing.,1,CUSTOMER,Synthetic Claim Notification,CLAIM,100688
600689,2022-03-08 15:37:46,Synthetic notification 690 for system testing.,1,CUSTOMER,Synthetic Reminder Notification,REMINDER,100689
600690,2024-05-03 05:35:15,Synthetic notification 691 for system testing.,0,CUSTOMER,Synthetic Info Notification,INFO,100690
600691,2023-12-22 13:25:31,Synthetic notification 692 for system testing.,1,CUSTOMER,Synthetic Approval Notification,APPROVAL,100691
600692,2023-09-25 00:48:56,Synthetic notification 693 for system testing.,1,CUSTOMER,Synthetic Rejection Notification,REJECTION,100692
600693,2026-06-21 06:15:54,Synthetic notification 694 for system testing.,0,CUSTOMER,Synthetic Payment Notification,PAYMENT,100693
600694,2026-07-31 13:38:59,Synthetic notification 695 for system testing.,1,CUSTOMER,Synthetic Claim Notification,CLAIM,100694
600695,2023-07-21 00:21:53,Synthetic notification 696 for system testing.,1,CUSTOMER,Synthetic Reminder Notification,REMINDER,100695
600696,2022-11-23 09:20:03,Synthetic notification 697 for system testing.,0,CUSTOMER,Synthetic Info Notification,INFO,100696
600697,2026-08-04 13:02:23,Synthetic notification 698 for system testing.,1,CUSTOMER,Synthetic Approval Notification,APPROVAL,100697
600698,2025-08-06 06:59:01,Synthetic notification 699 for system testing.,1,CUSTOMER,Synthetic Rejection Notification,REJECTION,100698
600699,2025-07-21 18:49:11,Synthetic notification 700 for system testing.,0,CUSTOMER,Synthetic Payment Notification,PAYMENT,100699
600700,2022-11-26 20:10:20,Synthetic notification 701 for system testing.,1,CUSTOMER,Synthetic Claim Notification,CLAIM,100700
600701,2025-08-21 05:00:54,Synthetic notification 702 for system testing.,1,CUSTOMER,Synthetic Reminder Notification,REMINDER,100701
600702,2024-12-20 12:12:50,Synthetic notification 703 for system testing.,0,CUSTOMER,Synthetic Info Notification,INFO,100702
600703,2024-10-22 23:31:24,Synthetic notification 704 for system testing.,1,CUSTOMER,Synthetic Approval Notification,APPROVAL,100703
600704,2026-07-27 09:48:58,Synthetic notification 705 for system testing.,1,CUSTOMER,Synthetic Rejection Notification,REJECTION,100704
600705,2022-07-23 08:40:20,Synthetic notification 706 for system testing.,0,CUSTOMER,Synthetic Payment Notification,PAYMENT,100705
600706,2022-11-05 01:37:25,Synthetic notification 707 for system testing.,1,CUSTOMER,Synthetic Claim Notification,CLAIM,100706
600707,2025-06-12 02:42:25,Synthetic notification 708 for system testing.,1,CUSTOMER,Synthetic Reminder Notification,REMINDER,100707
600708,2024-06-09 05:14:38,Synthetic notification 709 for system testing.,0,CUSTOMER,Synthetic Info Notification,INFO,100708
600709,2023-04-24 15:57:22,Synthetic notification 710 for system testing.,1,CUSTOMER,Synthetic Approval Notification,APPROVAL,100709
600710,2025-07-04 23:16:15,Synthetic notification 711 for system testing.,1,CUSTOMER,Synthetic Rejection Notification,REJECTION,100710
600711,2023-05-03 02:32:31,Synthetic notification 712 for system testing.,0,CUSTOMER,Synthetic Payment Notification,PAYMENT,100711
600712,2023-10-11 14:22:14,Synthetic notification 713 for system testing.,1,CUSTOMER,Synthetic Claim Notification,CLAIM,100712
600713,2025-10-02 17:18:34,Synthetic notification 714 for system testing.,1,CUSTOMER,Synthetic Reminder Notification,REMINDER,100713
600714,2024-08-09 21:19:31,Synthetic notification 715 for system testing.,0,CUSTOMER,Synthetic Info Notification,INFO,100714
600715,2022-02-16 06:49:53,Synthetic notification 716 for system testing.,1,CUSTOMER,Synthetic Approval Notification,APPROVAL,100715
600716,2024-10-29 18:45:39,Synthetic notification 717 for system testing.,1,CUSTOMER,Synthetic Rejection Notification,REJECTION,100716
600717,2023-10-11 18:52:26,Synthetic notification 718 for system testing.,0,CUSTOMER,Synthetic Payment Notification,PAYMENT,100717
600718,2025-09-17 16:51:08,Synthetic notification 719 for system testing.,1,CUSTOMER,Synthetic Claim Notification,CLAIM,100718
600719,2025-03-04 20:02:12,Synthetic notification 720 for system testing.,1,CUSTOMER,Synthetic Reminder Notification,REMINDER,100719
600720,2024-03-21 05:44:26,Synthetic notification 721 for system testing.,0,CUSTOMER,Synthetic Info Notification,INFO,100720
600721,2023-06-23 08:30:59,Synthetic notification 722 for system testing.,1,CUSTOMER,Synthetic Approval Notification,APPROVAL,100721
600722,2025-07-12 09:38:19,Synthetic notification 723 for system testing.,1,CUSTOMER,Synthetic Rejection Notification,REJECTION,100722
600723,2022-11-07 09:17:32,Synthetic notification 724 for system testing.,0,CUSTOMER,Synthetic Payment Notification,PAYMENT,100723
600724,2024-05-25 15:31:29,Synthetic notification 725 for system testing.,1,CUSTOMER,Synthetic Claim Notification,CLAIM,100724
600725,2022-06-21 16:14:00,Synthetic notification 726 for system testing.,1,CUSTOMER,Synthetic Reminder Notification,REMINDER,100725
600726,2024-04-29 08:26:42,Synthetic notification 727 for system testing.,0,CUSTOMER,Synthetic Info Notification,INFO,100726
600727,2024-03-15 14:54:46,Synthetic notification 728 for system testing.,1,CUSTOMER,Synthetic Approval Notification,APPROVAL,100727
600728,2022-12-07 10:48:33,Synthetic notification 729 for system testing.,1,CUSTOMER,Synthetic Rejection Notification,REJECTION,100728
600729,2022-06-06 09:10:24,Synthetic notification 730 for system testing.,0,CUSTOMER,Synthetic Payment Notification,PAYMENT,100729
600730,2022-08-02 08:37:37,Synthetic notification 731 for system testing.,1,CUSTOMER,Synthetic Claim Notification,CLAIM,100730
600731,2022-02-02 05:18:44,Synthetic notification 732 for system testing.,1,CUSTOMER,Synthetic Reminder Notification,REMINDER,100731
600732,2026-03-21 01:19:40,Synthetic notification 733 for system testing.,0,CUSTOMER,Synthetic Info Notification,INFO,100732
600733,2025-08-20 08:02:19,Synthetic notification 734 for system testing.,1,CUSTOMER,Synthetic Approval Notification,APPROVAL,100733
600734,2022-01-18 17:57:42,Synthetic notification 735 for system testing.,1,CUSTOMER,Synthetic Rejection Notification,REJECTION,100734
600735,2021-12-19 05:26:46,Synthetic notification 736 for system testing.,0,CUSTOMER,Synthetic Payment Notification,PAYMENT,100735
600736,2026-06-05 12:36:58,Synthetic notification 737 for system testing.,1,CUSTOMER,Synthetic Claim Notification,CLAIM,100736
600737,2025-03-23 02:31:20,Synthetic notification 738 for system testing.,1,CUSTOMER,Synthetic Reminder Notification,REMINDER,100737
600738,2024-04-07 22:34:16,Synthetic notification 739 for system testing.,0,CUSTOMER,Synthetic Info Notification,INFO,100738
600739,2023-10-21 17:52:39,Synthetic notification 740 for system testing.,1,CUSTOMER,Synthetic Approval Notification,APPROVAL,100739
600740,2023-01-12 07:05:17,Synthetic notification 741 for system testing.,1,CUSTOMER,Synthetic Rejection Notification,REJECTION,100740
600741,2025-06-12 07:55:20,Synthetic notification 742 for system testing.,0,CUSTOMER,Synthetic Payment Notification,PAYMENT,100741
600742,2024-11-21 20:44:24,Synthetic notification 743 for system testing.,1,CUSTOMER,Synthetic Claim Notification,CLAIM,100742
600743,2025-12-19 03:39:40,Synthetic notification 744 for system testing.,1,CUSTOMER,Synthetic Reminder Notification,REMINDER,100743
600744,2024-07-25 03:16:33,Synthetic notification 745 for system testing.,0,CUSTOMER,Synthetic Info Notification,INFO,100744
600745,2021-10-19 03:27:23,Synthetic notification 746 for system testing.,1,CUSTOMER,Synthetic Approval Notification,APPROVAL,100745
600746,2024-10-07 02:36:57,Synthetic notification 747 for system testing.,1,CUSTOMER,Synthetic Rejection Notification,REJECTION,100746
600747,2022-06-26 05:06:25,Synthetic notification 748 for system testing.,0,CUSTOMER,Synthetic Payment Notification,PAYMENT,100747
600748,2024-01-18 20:30:07,Synthetic notification 749 for system testing.,1,CUSTOMER,Synthetic Claim Notification,CLAIM,100748
600749,2025-09-14 11:23:12,Synthetic notification 750 for system testing.,1,CUSTOMER,Synthetic Reminder Notification,REMINDER,100749
